,Bat_MW,Bio_MW,Coal_MW,Geo_MW,Hydro_MW,HydroPS_MW,NG_MW,Nuclear_MW,Crude_MW,Solar_MW,Wind_MW,Other_MW,Longitude,Latitude,zone_ID
0,,,,,,,784.0,,,,,,-84.1017,37.8833,21
1,,,,,,,,,50.0,,,,-75.5371,39.7302,9
2,,,,,,,,,18.0,,,,-75.626811,39.600408,9
3,,,,,,,695.0,,12.0,,,,-75.50384,39.73886,9
4,,,410.0,,,,,,16.1,,,,-75.2341,38.5857,9
5,,,,,,,,,15.0,,,,-75.6289,39.7283,9
6,,,1273.0,,,,,,,,,,-76.537151,39.182073,1
7,,,,,,,,1797.0,,,,,-88.27,41.39,17
8,,,,,,,,1819.0,,,,,-90.310278,41.726111,17
9,,,,,,,,,107.8,,,,-87.8133,42.3833,17
10,,,,,,,,,197.2,,,,-87.6533,41.8508,17
11,,,,,1.1,,,,,,,,-89.0756,42.4511,17
12,,,,,,,19.5,,3.8,0.9,3.0,,-90.148547,41.451494,17
13,,,,,,,12.5,,1.8,0.3,,,-89.0498,41.9093,17
14,,,,,,,3.6,,10.8,,,,-89.0504,41.9092,17
15,,,,,,,28.2,,5.2,,,,-87.731025,42.115589,17
16,,,,,1.4,,,,,,,,-85.965,41.6928,22
17,,,,,4.0,,,,,,,,-86.1322,41.665,22
18,,,,,,,260.0,,,,,,-82.6176,38.1707,22
19,,,,,31.5,,,,,,,,-84.7028,37.7864,21
20,,,412.0,,,,906.0,,,10.0,,,-84.71257,37.78831,21
21,,,1919.0,,,,,,,,,,-85.035,38.7497,21
22,,,,,2.3,,,,,,,,-84.7247,37.8297,21
23,,,,,,,691.0,,,,,,-85.8892,38.1831,21
24,,,1465.0,,,,,,,,,,-85.9103,38.0525,21
25,,,,,100.8,,,,,,,,-85.7792,38.2832,21
26,,,,,,,170.0,,,,,,-85.841704,38.223592,21
27,,,,,300.0,,,,,,,,-85.147,36.8691,21
28,,,341.0,,,,,,,,,,-84.5919,36.9981,21
29,,,,,,,,,840.9,,,,-76.5268,39.1781,1
30,,,,,,,248.8,,155.0,,,,-76.221761,39.442836,1
31,,,,,,,,,59.7,,,,-76.5636,39.2986,1
32,,,,,,,,,10.4,,,,-75.837679,37.994134,9
33,,,,,,,,,167.3,,,,-75.8208,38.4878,9
34,,,,,18.0,,,,,,,,-79.413,39.523,15
35,,,,,,,299.0,,,,,,-77.4644,39.2097,15
36,,,,,,,,,108.0,,,,-76.9767,38.3592,13
37,,,,,496.9,,,,,,,,-76.1752,39.6572,9
38,,,,,,,,,31.9,,,,-76.0769,38.7786,9
39,,,,,4.8,,,,,,,,-86.3289,41.9439,22
40,,,,,2.0,,,,,,,,-86.35105,41.839566,22
41,,,,,,,,,216.9,,,,-74.352336,40.476525,11
42,,,,,,,455.2,,,,,,-75.163889,40.565833,11
43,,,,,,,1245.0,,,,,,-74.0244,40.8375,7
44,,,,,,,168.0,,,,,,-74.879172,40.076611,7
45,,,,,,,456.4,,,,,,-74.096464,40.737283,7
46,,,,,,,1636.2,,,,,,-74.2072,40.6217,7
47,,,,,,,,2284.7,38.4,,,,-75.5358,39.4625,12
48,,,,,,,538.0,,,,,,-74.2469,40.5558,7
49,,,2439.0,,,,,,,,,,-79.0731,36.4833,14
50,,,,,220.0,,,,,,,,-77.811543,36.499147,13
51,,,,,220.0,,,,,,,,-77.811543,36.499147,14
52,,,,,95.0,,,,,,,,-77.6722,36.4789,13
53,,,,,,,,,15.0,,,,-75.534722,35.267222,13
54,,,1790.0,,,,,,,,,,-80.6486,40.2522,22
55,4.0,,,,,,,,,,,,-84.2981,38.9917,19
56,,,,,,,136.2,,,,,,-84.3778,39.465,19
57,,,1020.0,,,,,,56.0,,,,-84.8036,39.1128,19
58,,,,,,,597.1,,10.0,,,,-84.211084,39.727249,18
59,,,,,,,25.2,,,,,,-84.2921,39.6088,18
60,,,,,,,,,12.5,,,,-84.1739,39.7667,18
61,,,,,,,,,13.5,,,,-84.19097,40.27917,18
62,,,,,,,126.7,,,1.1,,,-84.2047,39.603,18
63,,,,,,,,,26.1,,,,-80.74769,41.166928,20
64,,,,,,,399.6,,100.9,,,,-82.264444,41.429444,20
65,,,962.8,,,,,,,,,,-82.1289,38.9144,22
66,,,,,,,,,153.7,,,,-83.4378,41.6917,20
67,,,,,,,358.0,,11.0,,,,-84.334622,41.305203,20
68,,,,,,,,,17.0,,,,-84.4283,41.5014,20
69,,,,,,,29.0,,2.5,,,,-84.543148,41.471822,20
70,,,,,,,,,16.0,,,,-81.58796,41.556867,20
71,,,,,,,32.0,,,,,,-81.7145,41.474,20
72,,,23.2,,,,15.3,,2.4,,,,-81.46815,40.520066,22
73,,,,,,,12.0,,,,,,-84.5543,39.4098,19
74,,,,,,,17.4,,1.0,,,,-82.2194,41.2836,20
75,,,55.5,,,,23.0,,,,,,-81.765764,40.850964,20
76,,,47.0,,,,,,1.8,,,,-81.254,41.7265,20
77,,,,,,,,,36.5,,,,-84.237258,40.133848,18
78,,,,,,,10.4,,12.0,,,,-84.3889,40.5458,18
79,,,,,,,,,7.8,,,,-81.115503,39.756982,22
80,,,,,,,243.5,,18.1,,,,-80.043761,40.464851,10
81,,,,,,,,,20.4,,,,-76.988454,39.908732,2
82,,,,,,,64.0,,,,,,-77.1648,39.8662,2
83,,,,,,,,,40.1,,,,-77.1716,40.12282,2
84,,,,,,,,,20.2,,,,-77.3508,39.8442,2
85,,,,,,,,,177.5,,,,-75.079398,40.910205,2
86,,,,,,,,,20.6,,,,-75.058242,41.061194,2
87,,,,,,,,,31.1,,,,-75.9081,40.3056,2
88,,,,,,,,,41.2,,,,-76.635341,39.760634,2
89,,,,,19.0,,,,,,,,-76.71195,40.113625,2
90,,,1700.0,,,,,,11.2,,,,-79.0611,40.3842,3
91,,,,,,,20.9,,,,,,-77.08184,41.706475,3
92,,,,,33.2,,,,,,,,-79.433501,41.192088,3
93,,,521.0,,,,,,,,,,-79.03366,40.40625,3
94,,,,,,,596.0,,6.0,,,,-78.366228,41.06755,3
95,,,,,,,62.0,,,,,,-79.188668,41.835947,3
96,,,1700.0,,,,,,11.2,,,,-79.3411,40.6604,15
97,,,,,,,1411.0,,,,,,-76.6962,40.096111,2
98,,,,,249.0,,,,,,,,-76.331772,39.827198,4
99,,,,,,,1700.0,,,,,,-75.105416,40.797762,2
100,,,752.0,,,,752.0,,,,,,-76.6672,41.0714,4
101,,,,,,,,,41.0,,,,-76.825,40.8361,4
102,,,,,44.0,,,,,,,,-75.130895,41.467858,4
103,,,,,,,,,39.0,,,,-75.3837,39.8301,5
104,,,,,,,,,56.0,,,,-75.125203,39.968021,5
105,,,,,,,760.0,,60.0,,,,-75.323,39.858,5
106,,,,,,,,,51.0,,,,-74.789976,40.176486,5
107,,,,,,,,,51.0,,,,-75.6193,40.2352,5
108,,,,,,1058.0,,,,,,,-76.2993,39.8076,4
109,,,,,,,,2549.4,,,,,-76.268742,39.758936,5
110,,,,,,,,,98.0,,,,-75.075247,39.984469,5
111,,,,,,,,,30.0,,,,-75.1883,39.9419,5
112,,,,,,,,,52.0,,,,-75.135,39.9144,5
113,,,,,417.5,,,,,,,,-76.39,39.9244,4
114,,,,,9.0,,,,,,,,-80.938714,36.808229,22
115,,,,,31.6,,,,,,,,-80.9333,36.7858,22
116,,,,,58.8,,,,,,,,-80.5847,37.075,22
117,,,,,,,460.0,,,,,,-82.1997,36.9333,22
118,,,,,50.0,,,,,,,,-79.4025,37.0933,22
119,,,,,1.8,,,,,,,,-79.8756,37.2544,22
120,,,,,12.5,,,,,,,,-79.1856,37.4639,22
121,,,,,348.0,238.0,,,,,,,-79.5356,37.0413,22
122,,,,,1.1,,,,,,,,-78.498888,38.676667,15
123,,,,,1.3,,,,,,,,-78.593611,38.571389,15
124,,,,,,,381.5,,,,,,-77.3833,37.3822,13
125,,,,,2.0,,,,,,,,-79.380823,37.592887,13
126,,,,,,,,,48.0,,,,-79.892,37.777,13
127,,,,,,,,,47.0,,,,-76.711,37.95,13
128,,,,,,,,,38.9,,,,-76.3019,36.7711,13
129,,,,,,,573.0,,71.5,,,,-77.2806,38.5367,13
130,,,,,,,,1676.0,,,,,-76.6986,37.1661,13
131,,,,,5.0,,,,,,,,-79.3715,37.5736,22
132,,,,,11.1,,,,,,,,-80.447897,36.666866,22
133,,,,,1.2,,,,,,,,-79.883588,36.664145,22
134,,,,,1.0,,,,,,,,-80.572726,37.078366,22
135,,,,,296.6,,,,,,,,-78.3005,36.59943,14
136,,,,,15.6,,,,,,,,-80.0281,36.7803,22
137,,,2900.0,,,,,,,,,,-81.8233,38.4731,22
138,,,1098.0,,,,,,,,,,-79.9275,39.710833,15
139,,,1954.0,,,,,,,,,,-80.3325,39.384167,15
140,,,1560.0,,,,,,,,,,-80.8153,39.8297,22
141,,,1613.4,,,,,,11.0,,,,-79.2636,39.2008,15
142,,,,,,,,,37.0,,,,-76.07,38.795,9
143,,,,,70.2,,,,,,,,-82.8594,38.6472,22
144,,,,,,,186.9,,,,,,-74.9654,39.3757,12
145,,,,,,,,2177.0,,,,,-86.565206,41.975604,22
146,,,1278.0,,,,,,,,,,-81.294444,39.366667,15
147,,,,,20.0,,,,,,,,-81.9081,38.9153,22
148,,,600.0,,,,,,,,,,-84.8514,38.9036,21
149,,,,,,,,1240.0,,,,,-81.1439,41.8006,20
150,,,,,,,,2337.0,,,,,-88.2286,41.2435,17
151,,,,,,,,2300.0,,,,,-89.2819,42.0742,17
152,,,,,,,,2264.4,,,,,-88.669066,41.245498,17
153,,,,,,,,1808.0,,,,,-80.4336,40.6219,10
154,,,1346.0,,,,,,,,,,-83.8181,38.7,21
155,,,1225.0,,,,954.0,,,,,,-85.4117,38.5847,21
156,,,,,,,,2494.0,,,,,-76.1462,41.0919,4
157,,,,,,,,2241.8,,,,,-75.58744,40.224303,5
158,,,,,,,,1172.0,,,,,-75.5377,39.4666,12
159,,,,,,,,894.0,,,,,-83.0861,41.5967,20
160,,,,,,3015.1,,,,,,,-79.8,38.20889,15
161,,,,,1.0,,,1892.0,,,,,-77.7897,38.06,13
162,,,,,61.0,,,,,,,,-84.27,36.9614,21
163,,,704.0,,,,,,,,,,-78.8917,36.5278,14
164,,,1299.0,,,,,,,,,,-81.9344,38.9794,22
165,1.0,,,,,,,,3.0,,,,-75.979722,35.109444,13
166,,,,,,,,,1.4,,,,-76.038881,37.9955,9
167,,,,,,415.4,,,,,,,-75.0314,41.0006,11
168,,,,,1.9,,,,,,,,-77.826944,39.493056,15
169,,,,,1.0,,,,,,,,-77.923055,39.605,15
170,,,,,2.4,,,,,,,,-77.784444,39.273056,15
171,,,,,14.4,,,,,,,,-81.3706,38.1944,22
172,,,,,14.4,,,,,,,,-81.5695,38.2526,22
173,,,,,18.7,,,,,,,,-81.91392,38.5274,22
174,,,,,,,2.0,,3.6,,,,-75.217222,38.327778,9
175,,,,,52.0,,,,,,,,-79.856111,39.720278,15
176,,,,,,,340.0,,28.0,,,,-76.6911,37.1575,13
177,,,,,8.4,,,,,,,,-78.002887,40.432915,3
178,,,,,,,65.0,,,,,,-74.2098,39.8154,11
179,,,,,,,1128.0,,,,,,-75.5072,39.7436,9
180,,,,,,,476.0,,,,,,-84.4611,39.4492,19
181,,,,,,,340.0,,,,,,-77.368544,37.498223,13
182,,,877.1,,,,,,,,,,-78.704,36.869,13
183,,,877.1,,,,,,,,,,-78.704,36.869,14
184,,,,,5.2,,,,,,,,-83.126719,40.153328,22
185,,,,,,,42.0,,,,,,-75.548172,39.145036,9
186,,,,,,,7.1,,,,,,-77.6583,39.9389,15
187,,,,,,,,,2.4,,,,-76.571944,36.028611,13
188,,,,,,,,,4.0,,,,-77.462918,38.752347,13
189,,,,,,,,,6.0,,,,-77.508061,38.74054,13
190,,,,,,,,,12.3,,,,-77.508061,38.74054,13
191,,,,,,,,,6.0,,,,-77.508061,38.74054,13
192,,,,,2.0,,,,,,,,-89.677526,41.787115,17
193,,,,,42.0,,,,,,,,-81.7375,39.1192,15
194,,,,,,,,,1.8,,,,-83.1883,40.4411,20
195,,,,,4.5,,,,,,,,-84.399756,41.237206,22
196,,4.0,,,,,,,,,,,-74.769146,40.153128,5
197,,,,,,,,,10.8,,,,-81.588233,41.556714,20
198,,,,,,,,,5.4,,,,-84.4769,40.2247,18
199,,,,,,,,,5.4,,,,-84.1095,41.4079,20
200,,,,,,,,,10.8,,,,-81.4985,40.5416,22
201,,,,,,,,,5.4,,,,-81.7586,40.86,20
202,,,,,,,,,10.8,,,,-84.527,41.4609,20
203,,,,,,,,,1.8,,,,-84.0401,40.4597,18
204,,,,,,,,,1.8,,,,-84.5513,39.9867,18
205,,,,,,,29.0,,,,,,-84.5183,39.3528,19
206,,,,,,,29.0,,,,,,-83.6402,41.3884,20
207,,,,,,,,,10.8,,,,-84.5794,41.5855,20
208,,,,,,,,,15.8,,,,-77.4974,38.7443,13
209,,,,,,,,,3.4,,,,-77.509722,38.725278,13
210,,,,,2.0,,,,,,,,-84.5558,39.4128,19
211,,,,,,,,,1.8,,,,-82.6625,40.8969,22
212,,,,,,,,,1.8,,,,-82.653333,40.908889,22
213,,,,,,,666.9,,,,,,-76.15976,39.71901,9
214,,,,,,,481.3,,,,,,-77.7681,38.5283,13
215,,,,,,,466.0,,,,,,-78.2139,38.1181,13
216,,,,,,,604.0,,,,,,-77.7714,38.5442,13
217,,,,,,,809.6,,,,,,-77.5133,38.0722,13
218,,,,,,,,,3.6,,,,-89.689416,41.780735,17
219,,,,,,,441.0,,,,,,-84.7392,40.9297,22
220,,,,,,,,,3.6,,,,-84.767208,41.449992,20
221,,,,,,,,,1.0,,,,-82.227208,41.163069,20
222,,,,,,,,,5.4,,,,-82.7939,40.7303,22
223,,,,,,,,,5.4,,,,-81.8714,41.0317,20
224,,,,,,,,,13.4,,,,-89.674385,41.768199,17
225,,,,,,,,,4.0,,,,-77.9862,37.2953,13
226,,,,,,,,,4.0,,,,-77.105,36.697222,13
227,,,,,,,98.0,,,,,,-75.623928,39.279179,9
228,,,,,,,,,391.0,,,,-74.8917,40.08,5
229,,,2709.0,,,,,,,,,,-82.1158,38.9347,22
230,,,,,29.9,433.5,,,,,,,-79.0056,41.8389,3
231,,101.0,,,,,,,,,,,-76.8053,37.5392,13
232,,,,,,,103.0,,,,,,-75.547335,39.149549,9
233,,,,,,,9.5,,,,,,-74.825,40.8625,11
234,,,80.0,,,,,,,,,,-76.1983,40.7903,4
235,,16.7,,,,,,,,,,,-76.853872,40.244242,4
236,,,,,,,4.1,,,,,,-74.634,40.624,7
237,,,,,,,8.2,,,,,,-74.155,40.8359,7
238,,,,,,,24.0,,,,,,-79.1594,40.6144,3
239,,,110.0,,,,,,,,,,-78.79794,40.55108,3
240,,,80.0,,,,,,,,,,-80.163138,39.561831,15
241,,,,,2.8,,,,,,,,-78.034628,40.540042,3
242,,,,,2.9,,,,,,,,-77.524504,37.220833,13
243,,,,,,,20.9,,,0.4,,,-74.26529,40.615616,7
244,,33.3,,,,,10.6,,,,,,-82.974039,39.324611,22
245,,,,,,,46.5,,,,,,-82.5667,36.5489,22
246,,,,,4.2,,,,,,,,-80.314795,40.733545,10
247,,,,,,,1.5,,,,,,-78.384125,40.533299,3
248,,,,,,,292.0,,,,,,-74.3444,40.439,11
249,,,43.0,,,,,,,,,,-76.452951,40.811189,4
250,,,,,,,,,,,,99.3,-81.6728,41.4739,20
251,,33.0,,,,,,,,,,,-75.1169,39.9092,7
252,,,,,3.6,,,,,,,,-88.789656,41.387792,17
253,,47.0,,,,,,,,,,,-77.167883,35.130193,13
254,,,,,1.2,,,,,,,,-80.317839,40.744105,10
255,,,50.0,,,,,,,,,,-78.7472,40.455,3
256,,61.3,,,,,,,,,,,-76.629653,39.266041,1
257,,,,,,,378.3,,,,,,-77.281111,37.291667,13
258,,60.0,,,,,,,,,,,-74.1255,40.7376,7
259,,,,,1.2,,,,,,,,-86.2592,41.8203,22
260,,2.6,,,,,,,2.0,,,,-75.704,38.159,9
261,,,50.0,,,,,,,,,,-79.960556,39.6397,15
262,,80.0,,,,,,,,,,,-75.3882,39.8265,5
263,,,,,,,145.0,,,,,,-75.1192,39.9175,7
264,,51.0,,,,,,,,,,,-77.282982,37.297834,13
265,,51.0,,,,,,,,,,,-79.273551,37.118674,22
266,,51.0,,,,,,,,,,,-76.9953,36.6525,13
267,,,,,5.0,,,,,,,,-80.985621,36.715103,22
268,,,,,,,24.5,,,,,,-74.2744,40.6781,7
269,,,,,,,145.6,,,,,,-76.040929,40.928161,4
270,,,,,12.0,,,,,,,,-88.0789,41.5697,17
271,,,,,,,954.3,,,,,,-74.2156,40.6322,7
272,,,,,6.2,,,,,,,,-81.2147,38.1483,22
273,,,,,96.8,,,,,,,,-81.1753,38.1478,22
274,,,,,19.0,,,,,,,,-80.8642,39.6672,15
275,,,,,19.0,,,,,,,,-80.8642,39.6672,22
276,,2.4,,,,,,,,,,,-76.773149,38.824863,6
277,,,,,,,2.0,,,,,,-74.7667,40.2167,7
278,,,,,2.5,,,,,,,,-77.56,36.696,13
279,,,,,1.6,,,,,,,,-78.9236,36.7817,14
280,,29.0,,,,,,,,,,,-77.1144,35.212,13
281,,114.8,,,,,,,,,,,-76.7831,35.8628,13
282,,30.0,,,,,,,,,,,-76.7183,40.0017,2
283,,30.0,,,,,,,,,,,-77.6414,36.4769,13
284,,,,,,,10.5,,,,,,-77.2806,37.3389,13
285,,8.0,,,,,63.7,,,,,,-75.5406,41.485,4
286,,,,,2.4,,,,,,,,-74.22999,40.883345,7
287,,,,,,,2.2,,,,,,-84.933264,40.846525,22
288,,,,,,,3.7,,,,,,-88.197156,41.800909,17
289,,,,,,,1.8,,,,,,-88.3331,41.8244,17
290,,,,,,,32.3,,7.1,,,,-86.2367,41.7094,22
291,,,,,,,12.0,,,,,,-76.8771,40.2653,4
292,,31.2,36.1,,,,17.7,,,,,,-76.868117,39.870935,2
293,,,,,,,56.4,,,,,,-75.358801,39.843743,5
294,,,,,,,10.2,,,,,,-74.187633,40.73928,7
295,,,,,,,11.7,,,,,,-84.5042,39.175,19
296,,,,,,,104.9,,,,,,-76.043233,41.574259,3
297,,7.0,,,0.4,,,,,,,,-79.357,37.534,22
298,,,110.5,,,,83.8,,,,,,-82.5431,36.5219,22
299,,,,,,,115.5,,,,,,-80.8547,39.7475,22
300,,,,,,,,,,,,54.0,-76.779864,35.376266,13
301,,,,,,,,,154.6,,,,-77.6594,36.4517,13
302,,,,,,,244.0,,,,,,-75.1592,39.8746,7
303,,5.8,,,,,,,,,,,-88.287721,41.871914,17
304,,2.9,,,,,,,,,,,-87.577716,41.658794,17
305,,5.8,,,,,,,,,,,-87.813738,42.10625,17
306,,,30.0,,,,,,,,,,-76.45,40.6191,4
307,,,,,,,,,,,,36.5,-88.1833,41.4167,17
308,,,,,,,27.0,,11.6,,,29.0,-75.2583,39.84,12
309,,54.0,,,,,,,,,,,-77.4556,39.2006,15
310,,98.0,,,,,,,,,,,-77.2411,38.695,13
311,,29.0,,,,,,,,,,,-77.1288,38.8014,13
312,,,,,,,,,,,,24.0,-79.8819,40.3097,10
313,,,,,,,,,,,,61.9,-79.8564,40.3925,10
314,,,80.0,,,,,,,,,,-75.8781,40.8556,4
315,,,,,,,114.6,,,,,,-74.327161,40.460717,11
316,,40.7,,,,,,,,,,,-77.2816,37.2914,13
317,,32.4,,,,,,,,,,,-76.6436,40.0711,2
318,,12.0,,,,,,,,,,,-75.1381,39.8733,7
319,,,112.0,,,,,,,,,,-75.4792,40.6917,4
320,,,,,6.0,,,,,,,,-79.665298,40.682875,15
321,,,,,8.0,,,,,,,,-79.577222,40.716389,15
322,,,,,13.6,,,,,,,,-79.478982,40.896596,15
323,,,,,17.8,,,,,,,,-79.550681,40.955961,15
324,,113.5,43.0,,,,,,,,,,-79.9947,37.799722,13
325,,37.5,,,,,,,,,,,-74.266372,40.601264,7
326,,,,,,,,,6.0,,,,-83.5042,41.6325,20
327,,,82.5,,,,,,,,,,-79.8134,41.2691,3
328,,,,,,,1189.0,,,,,,-77.446246,37.820805,13
329,,,,,,,7.0,,,,,,-87.628465,41.83442,17
330,,,,,12.2,,,,,,,,-79.368214,39.801637,3
331,,,,,9.9,,,,,,,,-74.180986,40.915319,7
332,,,,,,,16.8,,,,,,-80.542767,37.180441,22
333,,,,,,,325.0,,,,,,-76.3083,36.775,13
334,,,,,,,27.2,,,,,,-80.765,37.3439,22
335,,,,,,,8.8,,,,,,-78.6528,38.3836,13
336,,,,,,,72.5,,4.5,,,,-75.298823,40.217963,5
337,,36.1,,,,,38.0,,,,,,-76.9128,36.6803,13
338,,,,,4.0,,,,,,,,-79.365703,40.46439,3
339,,,,,4.0,,,,,,,,-79.365703,40.46439,15
340,,,,,,,130.0,,,,,135.0,-75.6343,39.5871,9
341,,,,,,,55.7,,,,,,-87.6524,41.8675,17
342,,,,,,,55.0,,,,,,-77.4308,37.4556,13
343,,,,,,,,,,,,19.1,-80.8176,41.2119,20
344,,,,,,,1.8,,,,,,-75.05283,40.013993,5
345,,,,,,,5.3,,,,,,-76.878843,40.955015,4
346,,,,,,,2.5,,,,,,-81.7756,40.9692,20
347,,,,,,,2.9,,,,,,-88.28,41.7697,17
348,,,,,,,7.2,,,,,,-88.302222,41.998889,17
349,,,,,1.2,,,,,,,,-87.8681,41.1128,17
350,,,,,,,5.4,,,,,,-88.413,42.2891,17
351,,,,,,,51.0,,,,,,-87.8233,41.7775,17
352,,0.9,,,,,,,6.0,0.2,,,-74.178041,39.909424,11
353,,28.0,,,,,,,,,,,-75.3103,40.0967,5
354,,,86.0,,,,,,,,,,-76.1736,40.8222,4
355,,49.0,,,,,,,,,,,-78.675759,41.491466,15
356,,,,,,,265.0,,,,,,-74.1686,40.0613,11
357,,,,,4.5,,,,,,,,-79.432503,36.576778,22
358,,4.8,,,,,,,,,,,-88.27452,41.981004,17
359,,3.2,,,,,,,,,,,-77.2375,38.6892,13
360,,43.9,,,,,,,,,,,-74.768164,40.162633,5
361,,,,,,,,,10.2,,,,-77.467185,37.193584,13
362,,,,,,,170.6,,,,,,-75.188069,39.942219,5
363,,,,,,,2.4,,,,,,-87.699556,42.044038,17
364,,,,,,,3.8,,,,,,-87.8542,41.1603,17
365,,,,,,,17.5,,,,,,-76.5956,39.2744,1
366,,,,,,,9.4,,,,,,-74.446199,40.475724,7
367,,,,,,,218.0,,,,,,-78.203543,38.124688,13
368,,3.3,,,,,,,,,,,-85.3611,37.3208,21
369,,,,,,,3.0,,,,,,-87.79218,41.91708,17
370,,,,,,,1.6,,2.6,,,,-87.6831,41.9031,17
371,,,,,,,5.0,,,,,,-89.0356,42.3156,17
372,,,,,3.0,,,,,,,,-89.481286,41.845306,17
373,,7.2,,,,,,,,,,,-84.293549,41.515211,20
374,,13.8,,,,,,,,,,,-74.250137,40.024937,11
375,,46.5,,,,,,,,,,,-76.3036,36.8083,13
376,,,,,,,1.4,,,,,,-87.6047,41.5839,17
377,,,,,,,1.0,,,,,,-87.5978,41.6225,17
378,,5.8,,,,,,,,,,,-88.084908,41.73379,17
379,,10.2,,,,,,,,,,,-88.6548,40.9314,17
380,,,,,,,,,6.0,,,,-87.61851,41.852709,17
381,,6.0,,,,,,,,,,,-80.020765,42.060172,3
382,,,,,,,335.6,,,,,,-88.2397,42.0931,17
383,,,,,,,566.0,,,,,,-84.4647,39.4522,19
384,,,,,,,1140.0,,,,,,-88.2581,41.4797,17
385,,,,,,,501.0,,,,,,-85.4133,38.3902,21
386,,,,,,,586.0,,,,,,-89.607222,41.774444,17
387,,,,,,,521.2,,,,,,-90.279679,41.712216,17
388,,,,,,,548.0,,,,,,-75.9356,40.4219,2
389,,,,,,,88.5,,,,,,-79.768333,40.546667,10
390,,,,,,,825.0,,,,,,-82.604586,38.191661,22
391,,,,,,,1350.0,,,,,,-88.1236,41.4388,17
392,,,,,,,194.0,,,,,,-88.332778,41.411944,17
393,,,,,,,622.9,,,,,,-87.943612,41.393315,17
394,,,,,,,196.0,,,,,,-84.615136,40.075783,18
395,,,,,,,233.1,,,,,,-85.3057,40.6206,22
396,,,,,,,562.0,,,,,,-75.3358,39.8614,5
397,,,,,,,267.5,,,,,,-79.8061,41.2908,3
398,,,,,,,676.8,,,,,,-89.4054,41.8287,17
399,,,,,,,366.6,,,,,,-89.101202,42.238558,17
400,,,,,,,775.9,,,,,,-74.348879,40.448674,11
401,,,,,,,480.0,,,,,,-83.1778,39.7139,22
402,,,,,,,300.0,,,,,,-87.753189,41.440893,17
403,,,,,,,300.0,,,,,,-87.6187,41.429444,17
404,,,,,,,38.0,,,,,,-83.641236,41.397369,20
405,,,,,,,38.0,,,,,,-82.789,40.7167,22
406,,,,,,,38.0,,,,,,-84.1095,41.4079,20
407,,,,,,,450.0,,,,,,-82.5339,38.3681,22
408,,,,,,,971.9,,,,,,-88.2265,41.8151,17
409,,,,,,,300.0,,,,,,-82.5938,38.3441,22
410,,,,,,,326.1,,,,,,-87.5563,41.6835,17
411,,,,,,,1280.0,,,,,,-74.7411,40.1475,5
412,,,,,,,760.0,,,,,,-76.3658,40.3509,2
413,,,,,,,670.7,,,,,,-79.351725,40.638021,15
414,,,,,,,707.3,,,,,,-83.45983,41.47724,20
415,,,,,,,339.5,,,,,,-81.3642,39.3325,15
416,,,,,,,540.0,,,,,,-82.0276,40.0928,22
417,10.4,,,,,,,,,,,,-79.070556,39.851389,3
418,,,,,,,92.7,,,,,,-79.838888,39.7475,15
419,,,,,,,478.0,,,,,,-87.895,42.4776,17
420,,,,,,,661.0,,,,,,-81.6564,39.58,22
421,,,,,,,925.0,,,,,,-82.3328,39.0839,22
422,,,,,,,489.3,,,,,,-88.244572,42.000061,17
423,,,,,,,930.1,,,,,,-78.3813,37.8667,13
424,,,,,,,866.0,,,,,,-81.7178,39.5333,22
425,,,,,,,667.6,,,,,,-79.9182,39.8592,15
426,,,,,,,1404.0,,,,,,-76.306666,39.7375,5
427,,,,,,,540.0,,,,,,-87.7514,41.4425,17
428,,,,,,,98.2,,,,,,-77.685833,39.866944,15
429,,,,,,,601.6,,,,,,-75.107563,40.801924,2
430,,,,,,,1136.0,,,,,,-75.3147,40.6175,4
431,,,,,,,685.1,,,,,,-83.161388,41.377116,20
432,,,,,,,562.5,,,,,,-79.768611,40.545278,10
433,,,,,,,1365.0,,,,,,-82.7833,38.5731,22
434,,,,,,,84.0,,,,,,-81.961388,37.175278,22
435,,7.2,,,,,,,,,,,-75.2627,40.8592,2
436,,,,,,,855.1,,,,,,-75.421606,39.807038,5
437,,,,,,,,,,,9.0,,-79.012778,39.979167,3
438,,,,,,,,,,,15.0,,-79.393644,39.913408,15
439,,,,,,,180.9,,,,,,-89.1011,42.2383,17
440,,,,,,,325.6,,,,,,-74.1672,40.0633,11
441,,,,,,,1370.0,,,,,,-78.177222,38.971667,13
442,,,,,,,,,3.2,,,,-76.926667,36.659167,13
443,,,,,,,,,3.2,,,,-76.921944,36.680278,13
444,,3.2,,,,,,,,,,,-76.785912,38.847585,6
445,,,,,,,810.5,,,,,,-77.1672,39.8725,2
446,,,,,,,,,,,66.0,,-79.5372,39.1828,15
447,,,,,,,23.4,,,,,,-80.7612,41.890026,20
448,,,,,,,23.2,,,,,,-77.6667,39.9109,15
449,,,,,,,,,,,64.5,,-75.4542,41.5533,4
450,,,,,,,,,19.0,,,,-78.865,38.4681,13
451,,,,,,,,,13.0,,,,-78.8983,38.4006,13
452,,,,,,,20.8,,,,,,-76.935478,38.985844,6
453,,,,,,,2.1,,,,,,-76.59941,39.283677,1
454,,,,,,,,,,,30.0,,-79.002047,39.790739,3
455,,18.8,,,,,,,,,,,-74.3156,40.4903,11
456,,,,,,,,,,,76.2,,-89.0492,41.7194,17
457,,,,,,,,,6.0,,,,-83.3606,41.5092,20
458,,,,,,,,,,,7.2,,-83.7383,41.3786,20
459,,4.7,,,,,,,,,,,-84.6556,38.8608,21
460,,2.4,,,,,,,,,,,-82.808819,38.396737,22
461,,2.4,,,,,,,,,,,-85.7258,37.7258,21
462,,,,,,,,,2.0,,,,-80.0771,37.2875,22
463,,,,,,,,,2.0,,,,-80.0447,37.2794,22
464,,,,,,,,,,,,11.2,-74.221219,40.637554,7
465,,,,,,,,,,,24.0,,-75.753056,41.235278,4
466,,,,,,,,,,,7.5,,-74.4475,39.382222,12
467,,,,,1.5,,,,,,,,-79.3006,37.5035,22
468,,,,,0.6,,,,,,,,-79.3006,37.5035,22
469,,3.2,,,,,,,,,,,-84.405901,38.734218,21
470,,,,,80.0,,,,,,,,-80.89061,38.21921,22
471,,,,,,,,,1.2,,,,-79.39775,36.63161,22
472,,,,,,,,,1.2,,,,-79.2986,36.66106,22
473,,,,,,,,,6.9,,,,-77.59,38.28,13
474,,,,,,,,,1.7,,,,-77.62089,38.760695,13
475,,,,,,,,,,,34.5,,-79.138,39.85,3
476,,3.3,,,,,,,,,,,-87.637542,41.38109,17
477,,,,,,,,,2.2,,,,-83.012,39.9294,22
478,,,,,,,,,1.8,,,,-83.049072,39.961419,22
479,,,,,,,,,1.1,,,,-83.015833,39.95,22
480,,,,,,,,,1.8,,,,-83.014425,39.952367,22
481,,5.0,,,,,,,,,,,-75.4342,38.5992,9
482,,5.0,,,,,,,,,,,-75.7233,39.0339,9
483,,,,,,,,,,,80.0,,-89.173056,41.643611,17
484,,,,,,,,,,,80.0,,-78.579444,40.383889,3
485,,,,,,,27.0,,,,,,-88.2711,41.8911,17
486,,3.2,,,,,,,,,,,-85.088192,40.379703,22
487,,,,,,,,,,,26.0,,-76.1292,40.855,4
488,,,,,,,,,,,264.0,,-79.2094,39.2175,15
489,,3.2,,,,,,,,,,,-76.4442,39.9589,4
490,,0.9,,,,,,,,,,,-75.04,39.9894,7
491,,3.2,,,,,,,,,,,-76.4931,40.3664,2
492,,,,,,,,,1.3,,,,-80.07,37.2894,22
493,,4.8,,,,,,,,,,,-76.444373,37.076352,13
494,,5.2,,,,,,,,,,,-76.392006,39.389728,1
495,,,,,,,,,,,75.0,,-78.5436,40.4381,3
496,,,,,,,27.6,,,,,,-77.0939,39.0,6
497,,,710.0,,,,,,,,,,-79.958974,39.707893,15
498,,5.4,,,,,,,,,,,-75.6344,38.3847,9
499,,14.4,,,,,,,,,,,-78.0589,37.3097,13
500,,10.5,,,,,,,,,,,-77.8108,36.7639,13
501,,14.4,,,,,,,,,,,-77.128611,37.438889,13
502,,14.4,,,,,,,,,,,-77.4969,37.3517,13
503,,10.8,,,,,,,,,,,-76.76,37.6711,13
504,,14.4,,,,,,,,,,,-77.7883,39.8014,15
505,,5.4,,,,,,,,,,,-77.2267,35.1681,13
506,,,,,,,,,5.4,,,,-76.3886,40.5553,4
507,,,,,,,,,1.8,,,,-77.6639,37.7036,13
508,,,,,,,,,,,29.4,,-78.8633,40.0853,3
509,,,,,,,,,,,37.8,,-78.9183,39.8794,3
510,,,,,,,8.0,,7.8,,,,-74.015107,40.959257,7
511,,,,,,,,,,,102.0,,-76.1547,40.8411,4
512,,,,,,,2.5,,,,,,-80.4211,37.2319,22
513,,,,,,,,,,,50.4,,-79.7271,39.7513,15
514,,,,,,,,,,,100.5,,-89.878428,42.451481,17
515,,,,,,,621.9,,,,,,-78.285278,37.695556,13
516,,,,,,,737.0,,,,,,-76.8919,38.5686,13
517,,,,,,,,,,,,34.0,-82.828642,38.596657,22
518,,3.2,,,,,,,,,,,-75.9547,40.1108,4
519,,,,,105.0,,,,,,,,-84.172982,38.791431,21
520,,2.5,,,,,,,,,,,-75.8428,39.8639,5
521,,,,,,,,,,1.6,,,-74.394414,40.573708,7
522,,,,,,,,,,3.9,,,-75.04,39.9894,7
523,,4.8,,,,,,,,,,,-75.0928,39.4494,12
524,,6.4,,,,,,,,,,,-77.5072,40.1356,3
525,,,,,,,,,,2.0,,,-75.10697,40.788957,11
526,,,,,,,,,,1.7,,,-74.3783,40.727386,11
527,,1.6,,,,,,,,,,,-76.6258,41.7792,3
528,,2.0,,,,,,,,,,,-77.413056,38.384167,13
529,,,,,,,,,,2.0,,,-74.4408,39.3639,12
530,,,,,,,,,,,210.0,,-88.6836,41.2269,17
531,,8.0,,,,,,,,,,,-75.8167,40.275,2
532,,,,,,,731.7,,,,,,-75.2214,39.8414,7
533,,,,,,,598.3,,,,,,-74.09155,40.652834,7
534,,,,,,,,,,3.6,,,-77.6731,35.9222,13
535,,,,,,,,,,,52.5,,-78.8153,40.0311,3
536,,,,,,,,,,3.0,,,-74.7772,40.1483,5
537,,4.8,,,,,,,,,,,-80.2611,40.2058,15
538,,6.4,,,,,,,,,,,-76.624506,37.519714,13
539,,11.3,,,,,,,,,,,-77.3081,38.2747,13
540,,,,,,,,,,,100.5,,-76.8553,41.7619,3
541,,,,,,,,,,,300.0,,-88.49,40.9969,17
542,,,,,,,,,,,106.0,,-88.6233,41.1508,17
543,,,,,,,,,,,200.0,,-88.53,41.1406,17
544,,,,,,,,,,,239.4,,-89.456111,41.599167,17
545,,,,,,,,,,,62.5,,-78.6908,40.3042,3
546,,,,,,,,,,,100.5,,-80.4925,38.0878,22
547,,5.6,,,,,,,,,,,-82.244992,39.912438,22
548,,,,,,,,,,,2.0,,-75.164903,38.782931,9
549,,,,,,,,,,,3.2,,-76.455555,39.959167,4
550,,,,,,,,,,9.0,,,-87.6514,41.6758,17
551,,,,,,,,,,10.0,,,-83.317072,40.8795,22
552,,,,,,,,,,2.0,,,-74.822935,40.860629,11
553,,,,,,,,,,2.8,,,-75.238452,40.760545,2
554,,,,,,,,,,,40.0,,-79.467222,39.254444,15
555,,,,,,,,,,,10.0,,-79.434444,39.287222,15
556,,2.4,,,,,,,,,,,-82.602,41.3362,20
557,,4.8,,,,,,,,,,,-85.975161,41.622942,22
558,,,,,,,,,,10.0,,,-75.852206,40.860142,4
559,,,,,,,,,,,38.0,,-78.476921,40.522846,3
560,,,,,,,,,,0.9,,,-75.6578,39.9647,5
561,,,,,,,,,,,192.3,,-88.997222,40.888611,17
562,,,,,,,,,,,48.2,,-78.28735,40.729207,3
563,,,,,,,,,,,70.0,,-79.29,39.4047,15
564,20.0,,,,,,,,,,217.5,,-88.8867,41.7678,17
565,,,,,,,,,,1.1,,,-75.4375,38.993056,9
566,,,,,,,,,,10.0,,,-75.504444,39.183611,9
567,,,,,,,,,,1.7,,,-74.399511,40.494804,7
568,,,,,,,309.0,,,,,,-75.499396,39.187195,9
569,,,,,,,,,,1.0,,,-74.7539,40.2314,7
570,,3.6,,,,,,,,,,,-77.5678,37.6788,13
571,,,,,,,,,,1.6,,,-75.865916,40.152069,4
572,,,,,,,,,,1.3,,,-77.6058,36.4972,13
573,,,,,,,,,,1.3,,,-77.6058,36.4972,14
574,,,,,,,,,,2.5,,,-75.514924,41.061022,4
575,,,,,,,,,,2.7,,,-74.2144,40.62,7
576,,,,,,,,,,3.6,,,-74.656719,40.168811,7
577,,,,,,,,,,1.5,,,-74.0919,40.6772,7
578,,,,,,,,,,2.5,,,-74.269998,40.534393,7
579,,,,,,,,,,1.6,,,-76.735474,40.043856,2
580,,,,,,,,,,3.6,,,-74.58685,40.369772,7
581,,,,,44.0,,,,,,,,-81.31795,39.35776,15
582,,4.0,,,,,,,,,,,-80.91,41.795,20
583,,4.0,,,,,,,,,,,-80.586111,40.914444,20
584,,,,,,,,,,2.8,,,-77.2344,40.0264,2
585,,,,,,,,,,5.0,,,-77.064,36.425,13
586,16.0,,,,,,,,,,97.6,,-79.8866,39.0072,15
587,,,,,,,,,,17.7,,,-75.309477,39.613028,12
588,,,,,,,,,,,302.0,,-84.561824,40.931515,22
589,,,,,,,,,,3.8,,,-74.391268,40.535787,7
590,,,,,,,,,,8.0,,,-84.095841,41.388431,20
591,,,,,,,,,,1.8,,,-76.038888,40.936111,4
592,,6.4,,,,,,,,,,,-77.561111,39.961944,15
593,,,,,,,,,,1.0,,,-74.404444,40.684444,11
594,,,,,,,,,,7.9,,,-74.856666,40.483888,11
595,,,,,,,,,,3.0,,,-75.012222,40.521667,11
596,,,,,,,,,,3.0,,,-74.976944,40.514444,11
597,,,,,,,,,,2.0,,,-74.912222,40.675833,11
598,,,,,,,,,,1.0,,,-76.605417,40.640556,4
599,,,,,,,,,,,4.5,,-84.570277,40.905833,22
600,,,,,,,,,,1.3,,,-74.793638,40.281801,7
601,,3.2,,,,,,,,,,,-76.917777,41.151111,4
602,,3.0,,,,,,,,,,,-76.917777,41.151111,4
603,,,,,,,,,,2.6,,,-74.4797,40.3622,7
604,,,,,,,,,,,52.9,,-79.03,39.445,15
605,,,,,,,,,,,2.5,,-81.525555,41.584444,20
606,,,,,,,,,,,99.0,,-84.779166,41.025278,22
607,,,,,,,,,,1.0,,,-75.191667,40.139167,5
608,,,,,,,,,,1.4,,,-76.2292,39.4836,1
609,,,,,,,,,,4.1,,,-74.718611,40.818888,11
610,,,,,,,,,,4.0,,,-74.973889,39.4175,12
611,,,,,,,,,,3.5,,,-74.349722,40.256667,11
612,,,,,,,,,,12.0,,,-74.556389,40.279722,11
613,,,,,,,,,,6.8,,,-75.215,39.485,12
614,,,,,,,,,,1.3,,,-77.2061,40.2142,4
615,,,,,,,,,,,,20.0,-76.04739,40.949536,4
616,,,,,,,,,,4.0,,,-75.219722,39.825278,7
617,,,,,,,,,,2.5,,,-74.11,40.750833,7
618,,,,,,,,,,1.9,,,-74.3536,40.5003,7
619,,,,,,,,,,2.5,,,-74.4797,40.3622,7
620,,,,,,,,,,3.5,,,-74.824722,40.031388,7
621,,,,,,,,,,1.4,,,-74.714722,40.825556,11
622,,,,,,,,,,1.1,,,-75.008611,39.876111,7
623,,,,,,,,,,,69.0,,-77.0296,41.5323,3
624,,,,,,,,,,2.3,,,-74.997703,39.505034,12
625,,,,,,,,,,2.0,,,-76.864444,38.907778,6
626,,,,,,,,,,2.4,,,-74.980833,39.4875,12
627,,2.0,,,,,,,,,,,-78.0975,39.140833,13
628,,,,,,,,,,13.7,,,-77.345,39.675,15
629,,,,,,,,,,1.3,,,-75.667777,39.866667,5
630,,,,,,,,,,1.3,,,-75.602031,38.757689,9
631,,,,,,,,,,2.0,,,-74.323519,40.506358,7
632,,,,,,,9.0,,,,,,-77.028373,38.885709,6
633,,,,,,,715.0,,,,,,-86.479699,41.698992,22
634,,,,,,,,,,1.4,,,-74.278611,40.2675,11
635,,,,,,,,,,1.4,,,-74.195502,40.952084,7
636,,,,,,,,,,4.1,,,-74.847222,40.292778,7
637,,,,,,,,,,,,38.0,-84.401389,39.472222,19
638,,,,,,,727.0,,,,,,-74.318889,40.515,7
639,,,,,,,,,,1.0,,,-75.015775,40.831012,11
640,,,,,,,,,,,200.0,,-85.843056,40.349444,22
641,,,,,,,,,,2.4,,,-74.639167,39.421944,12
642,,,,,,,,,,1.3,,,-74.535263,39.488443,12
643,,,,,,,,,,1.8,,,-74.468014,40.554341,7
644,,,,,,,,,,4.6,,,-74.489236,40.373898,7
645,,,,,,,,,,1.0,,,-75.535278,38.373611,9
646,,,,,,,1.0,,,,,,-79.845278,36.717222,22
647,,6.4,,,,,,,,,,,-77.373889,37.505833,13
648,,,,,,,46.5,,1.9,,,,-84.509419,39.134533,19
649,,,,,,,,,,20.0,,,-88.758341,41.143421,17
650,,,,,,,,,5.7,,,,-84.504948,39.137935,19
651,,,,,,,,,,10.0,,,-75.188312,39.380565,12
652,,,,,,,,,,1.0,,,-74.243333,40.245,11
653,,,,,,,,,,,109.5,,-89.059722,41.666944,17
654,,,,,,,,,,,75.0,,-78.680633,40.319561,3
655,,,,,,,,,,,139.4,,-78.874722,39.760556,15
656,,,,,,,,,,,30.0,,-78.696078,40.63067,3
657,,,,,,,,,,2.0,,,-76.055278,39.560833,9
658,,,,,,,,,,2.0,,,-76.926,39.021,6
659,,,,,,,,,,1.8,,,-74.853611,40.013889,7
660,,,,,,,,,,3.9,,,-74.818056,39.928889,7
661,,,,,,,,,,5.5,,,-74.814444,39.928333,7
662,,,,,,,,,,7.5,,,-75.125833,39.903056,7
663,,,,,,,,,,2.8,,,-74.501667,40.320556,7
664,,,,,,,,,1.1,,,,-79.731111,40.442222,10
665,,,,,,,,,,1.3,,,-74.40836,40.55569,7
666,,,,,,,,,5.0,,,,-77.164444,40.126389,2
667,,1.4,,,,,,,,,,,-78.676667,38.356944,13
668,,,,,,,,,,1.1,,,-74.681944,40.290556,7
669,,,,,,,705.0,,,,,,-74.125833,40.707222,7
670,,,,,,,,,,3.5,,,-84.110833,41.406667,20
671,,,,,,,,,,4.7,,,-74.492222,40.426389,7
672,,,,,,,,,,5.0,,,-76.221111,39.861111,4
673,,,,,,,,,,1.0,,,-74.305,40.697222,7
674,,,,,,,,,,2.1,,,-74.812778,40.104167,7
675,,,,,,,,,,1.5,,,-74.247778,40.903889,7
676,,,,,,,,,,1.8,,,-74.2425,40.568333,7
677,,,,,,,2.6,,,,,,-75.716111,39.668889,9
678,,,,,,,,,,2.0,,,-74.328333,40.51,7
679,,,,,,,,,,2.0,,,-82.227047,41.302761,20
680,,,,,,,,,,12.4,,,-76.8484,35.5052,13
681,,,,,,,5.8,,,,,,-89.803611,42.362222,17
682,,,,,,,11.8,,,,,,-81.340833,41.143056,20
683,,,,,,,4.2,,,,,,-74.773333,40.269444,7
684,,3.0,,,,,,,,,,,-89.093333,42.221944,17
685,,,,,,,7.8,,,,,,-87.835556,41.855833,17
686,,,,,,,,,,1.9,,,-74.34,40.516111,7
687,,,,,,,9.3,,,,,,-77.864722,40.792778,15
688,,,,,,,7.4,,,,,,-77.8475,40.809167,15
689,,,,,,,47.3,,6.9,,,,-76.9825,39.039444,6
690,,6.0,,,,,,,,,,,-74.393889,40.465278,7
691,,,,,,,,,,,4.5,,-84.5875,41.016111,22
692,,,,,,,,,,11.8,,,-75.453333,38.923056,9
693,,,,,,,,,,2.9,,,-75.1675,39.900833,5
694,,,,,,,,,,1.0,,,-75.982222,39.297222,9
695,,,,,,,,,,1.0,,,-76.231644,39.144369,9
696,,,,,,,,,,1.0,,,-76.090833,39.280833,9
697,,,,,,,3.2,,,,,,-87.719167,41.981111,17
698,,3.0,,,,,,,,,,,-76.676389,39.084722,1
699,,1.6,,,,,,,,,,,-74.780556,40.151389,5
700,,1.0,,,,,,,,,,,-76.901944,39.305,1
701,,,,,,,1376.0,,,,,,-77.713889,36.765,13
702,,,,,,,1376.0,,,,,,-77.713889,36.765,14
703,,8.4,,,,,,,,,,,-83.484722,41.688333,20
704,,,,,,,10.0,,2.0,,,,-83.484722,41.688333,20
705,,,,,,,,,,1.0,,,-78.9675,36.3125,14
706,,,,,,,,,,4.0,,,-78.171111,36.415,14
707,,5.6,,,,,,,,,,,-75.083333,39.988611,5
708,,,,,,,12.3,,,,,,-87.851944,42.306389,17
709,,,,,,,,,,2.8,,,-75.611111,38.098056,9
710,,,,,,,,,,5.0,,,-77.056725,35.209564,13
711,,,,,,,,,,5.0,,,-78.917364,36.4797,14
712,,,,,,,,,,5.0,,,-78.132311,36.421617,14
713,,,,,,,,,,5.2,,,-74.722117,40.301409,7
714,,,,,,,,,,4.2,,,-74.221389,40.566389,7
715,,,,,,,,,,4.1,,,-74.494722,40.924167,11
716,,,,,,,,,,2.0,,,-75.029038,39.519935,12
717,,,,,,,,,,3.0,,,-74.455278,40.387778,7
718,,,,,,,,,,3.0,,,-74.491944,41.200278,11
719,,,,,,,3.6,,,,,,-87.845556,41.916944,17
720,,4.8,,,,,,,,,,,-88.998611,41.924722,17
721,,,,,,,,,,1.8,,,-84.586111,41.476389,20
722,,,,,,,,,,1.8,,,-83.816944,39.741944,18
723,,,,,,,,,,1.5,,,-74.669697,40.401528,7
724,,,,,,,,,,20.9,,,-77.720278,39.563056,15
725,,,,,,,,,,,200.0,,-85.013333,40.066667,22
726,,,,,,,765.0,,,,,,-76.39,41.7675,3
727,,,,,,,765.0,,,,,,-76.839167,41.180833,4
728,,,,,,,24.9,,,,,,-75.62974,39.610083,9
729,,1.0,,,,,,,,,,,-81.589167,41.555556,20
730,,,,,,,,,,1.0,,,-76.05934,40.10596,4
731,,,,,,,,,,5.5,,,-76.799444,38.545556,13
732,,,,,,,,,,3.9,,,-75.400542,38.663992,9
733,,9.2,,,,,,,,,,,-76.17603,40.086463,4
734,,,,,,,,,,5.0,,,-76.710556,35.875,13
735,,,,,,,,,,16.0,,,-74.084167,40.263889,11
736,,,,,,,,,,2.5,,,-78.593889,36.411667,14
737,,3.2,,,,,,,,,,,-76.145556,40.090556,4
738,,,,,,,,,,1.2,,,-74.43,40.523611,7
739,,,,,,,,,,6.4,,,-74.438333,40.5275,7
740,,,,,,,,,,2.8,,,-74.735,40.000556,7
741,,,,,,,,,,1.4,,,-75.488056,40.120556,5
742,,,,,,,,,,3.0,,,-74.187778,40.352222,11
743,,,,,,,,,,2.5,,,-78.986111,36.288056,14
744,,4.0,,,,,,,,,,,-86.28,42.175833,22
745,,45.4,,,,,,,,,,,-78.873333,36.701389,22
746,,,,,,,,,,7.9,,,-75.018056,40.4825,11
747,,2.5,,,,,,,,,,,-77.125278,39.950278,2
748,,,,,,,,,,5.0,,,-75.2225,39.835833,7
749,,,,,,,15.5,,,16.6,,,-74.657222,40.341389,7
750,,,,,,,,,,,3.4,,-83.893333,40.449444,18
751,,,,,,,,,,2.0,,,-76.016389,39.031667,9
752,,,,,,,1.7,,,,,,-87.582778,41.790556,17
753,,,,,,,,,,2.6,,,-89.088333,42.175278,17
754,,,,,,,,,,1.7,,,-74.173333,40.660833,7
755,,,,,,,,,,2.3,,,-74.173333,40.660833,7
756,,,,,,,,,,4.0,,,-84.590556,40.540556,18
757,,,,,,,,,,5.0,,,-76.803611,36.450833,13
758,,,,,,,,,,5.0,,,-77.09,35.515,13
759,,,,,6.7,,,,,,,,-79.281667,40.921111,15
760,,,,,,,,,,,212.0,,-89.580278,41.496667,17
761,,,,,,,21.0,,,,,,-75.870556,41.608611,3
762,,,,,,,21.0,,,,,,-76.049167,41.657778,3
763,,,,,,,,,,,249.8,,-83.736389,40.561389,22
764,,,,,,,,,,11.4,,,-74.636933,39.992818,11
765,,,,,,,,,,1.3,,,-74.690556,39.4375,12
766,,,,,,,,,,5.0,,,-76.87,35.501111,13
767,,,,,,,21.0,,,,,,-76.843056,41.611389,3
768,,,,,,,20.4,,,,,,-76.805556,41.663056,3
769,,,,,,,20.4,,,,,,-76.582778,41.894444,3
770,,,,,,,,,,1.3,,,-75.033056,39.376389,12
771,,,,,,,1.2,,,,,,-87.852222,42.001944,17
772,,,,,,,,,,3.2,,,-77.381111,35.794722,13
773,,,,,,,,,,5.0,,,-77.053611,35.565278,13
774,,,,,,,,,,5.0,,,-76.833611,35.499444,13
775,,,,,,,,,,5.0,,,-76.917778,35.981944,13
776,,,,,,,,,,2.0,,,-77.783333,36.0939,13
777,,,,,,,,,,5.0,,,-78.956739,36.458658,14
778,,,,,,,,,,4.9,,,-78.348333,36.27,14
779,,,,,,,,,,8.6,,,-75.106389,39.793333,7
780,,,,,,,,,,2.9,,,-74.581389,40.856667,11
781,,,,,,,,,,7.5,,,-74.645278,40.255833,7
782,,,,,,,,,,,5.0,,-89.249722,41.660278,17
783,,,,,,,,,,1.0,,,-74.551389,40.560556,7
784,,,,,,,16.0,,,,,,-75.150556,39.98,5
785,,,,,,,,,,,175.0,,-88.056247,40.999169,17
786,,,,,,,,,,,40.0,,-79.011111,39.641111,15
787,,,,,,,,,,1.0,,,-74.475833,40.815278,11
788,,2.4,,,,,,,,,,,-84.1025,41.355556,20
789,,,,,,,256.7,,,,,,-80.336389,40.671667,10
790,,,,,,,,,,20.0,,,-77.711389,36.441944,13
791,,,,,,,9.4,,0.9,,,,-74.707778,40.324722,7
792,,,,,,,,,,8.5,,,-74.543889,39.416111,12
793,,,,,,,,,,4.8,,,-78.377222,36.276111,14
794,,1.8,,,,,,,,,,,-81.568889,41.153333,20
795,,,,,,,,,,7.8,,,-74.710833,40.1275,7
796,,,,,,,766.0,,,,,,-77.545,39.058056,13
797,,12.0,,,,,,,,,,,-77.018333,38.820556,6
798,,,,,,,,,,,1.0,,-81.496944,41.602222,20
799,,1.8,,,,,,,,0.8,,,-76.494167,39.299722,1
800,,,,,,,3.0,,,2.4,,,-74.648056,40.574444,7
801,,,,,,,3.8,,,,,,-75.234167,40.183889,5
802,,,,,,,,,,2.7,,,-74.648056,40.574444,7
803,,,,,,,,,,2.0,,,-74.654167,40.574444,7
804,,,,,,,,,,9.8,,,-75.151944,40.698333,11
805,,1.0,,,,,,,,,,,-74.780833,39.231111,12
806,,,,,,,,,,3.0,,,-78.386111,36.286389,14
807,,,,,,,,,,,30.0,,-79.291143,39.404564,15
808,,,,,,,,,,5.0,,,-77.269722,35.831667,13
809,,,,,,,,,,5.0,,,-76.997222,36.306389,13
810,,,,,,,,,,20.0,,,-77.721389,36.129722,13
811,,,,,,,,,,5.0,,,-77.076389,36.260556,13
812,,,,,,,,,,20.0,,,-76.087222,36.433333,13
813,,,,,,,,,,1.2,,,-75.350833,39.7875,12
814,,,,,,,,,,5.0,,,-77.081111,35.875278,13
815,,,,,,,,,,5.0,,,-76.883056,36.016944,13
816,,,,,,,,,,5.0,,,-77.384542,35.794328,13
817,,,,,,,,,,5.0,,,-77.211111,36.141111,13
818,,,,,,,,,,5.0,,,-77.221111,36.341944,13
819,,,,,,,,,,5.0,,,-77.221111,36.341944,14
820,,,,,,,,,,5.0,,,-77.063056,35.801111,13
821,,,,,,,,,,5.0,,,-76.938889,36.375,13
822,,,,,,,,,,5.0,,,-74.582429,40.063743,11
823,,,,,,,,,,7.0,,,-74.730278,40.006667,7
824,,,,,,,991.3,,,,,,-76.161625,39.719364,9
825,,,,,,,,,,1.5,,,-75.1275,39.923056,7
826,,,,,,,,,,1.3,,,-74.806667,39.922222,7
827,,,,,,,,,,1.0,,,-74.813611,39.926667,7
828,0.8,,,,,,,,,4.0,100.0,,-84.593611,41.016944,22
829,,,,,,,,,,1.5,,,-74.685,40.47,7
830,,,,,,,,,,5.0,,,-74.584842,40.069601,11
831,,,,,,,,,,8.0,,,-74.225818,40.229725,11
832,,,,,,,,,,0.9,,,-81.597222,41.516389,20
833,,,,,,,463.6,,,,,,-84.347778,39.465,19
834,,,,,,,,,,1.0,,,-75.829444,39.882778,5
835,,,,,,,,,,1.3,,,-74.439444,40.605,7
836,,,,,,,,,,2.6,,,-74.579722,40.205833,7
837,,,,,,,,,,8.5,,,-74.591667,41.189167,11
838,,,,,,,,,,0.8,,,-74.4625,40.33,11
839,,,,,,,,,,1.4,,,-74.583611,40.196389,7
840,,,,,,,,,,1.5,,,-74.576111,40.200278,7
841,,,,,,,4.7,,,,,,-82.568611,40.776111,20
842,,1.2,,,,,,,,,,,-83.988889,37.741111,21
843,,,,,,,,,,5.0,,,-76.501944,36.248333,13
844,,,,,,,,,,5.0,,,-76.461944,36.223056,13
845,,,,,,,,,,5.0,,,-76.916944,36.361944,13
846,,,,,,,,,,5.0,,,-74.499167,40.314722,7
847,,,,,,,,,,1.7,,,-83.574722,41.627222,20
848,,,,,,,,,,5.0,,,-77.1099,35.1608,13
849,,,,,,,,,,5.0,,,-78.3475,36.2487,14
850,,,,,,,,,,5.0,,,-77.0743,35.2167,13
851,,,,,,,,,,5.0,,,-77.9703,36.432,14
852,,,,,,,,,,3.0,,,-78.1526,36.4338,14
853,,,,,,,,,,20.0,,,-77.126944,35.836944,13
854,,,,,,,,,,5.0,,,-77.270556,35.806667,13
855,,,,,,,,,,5.0,,,-77.100278,36.42,13
856,,,,,,,,,,16.0,,,-77.655833,36.418333,13
857,,,,,,,,,,5.0,,,-77.060278,36.270278,13
858,,,,,,,,,,20.0,,,-75.880833,36.233611,13
859,,,,,,,,,,12.0,,,-77.734444,36.127222,13
860,,,,,,,,,,20.0,,,-77.211944,36.148056,13
861,,,,,,,,,,20.0,,,-76.306111,36.264722,13
862,,,,,,,,,,1.2,,,-74.328889,40.456667,11
863,,,,,,,,,,1.5,,,-83.805556,39.893889,20
864,,,,,,,,,,1.3,,,-80.323889,40.691389,10
865,,,,,,,,,,14.0,,,-76.379444,35.898889,13
866,,,,,,,,,,5.0,,,-77.111389,35.847222,13
867,,4.6,,,,,,,,,,,-86.323889,41.808611,22
868,,,,,,,,,,5.0,,,-77.566389,36.435556,13
869,,,,,,,,,,5.0,,,-77.566389,36.435556,14
870,,,,,,,,,,5.0,,,-78.415278,36.371111,14
871,,,,,,,,,,10.0,,,-74.770278,39.980278,7
872,,,,,,,,,,5.0,,,-78.459722,36.414722,14
873,,,,,,,,,,5.0,,,-78.343056,36.325,14
874,,,,,,,,,6.0,,,,-79.591389,38.421389,15
875,,,,,,,,,,3.0,,,-75.170955,40.755289,11
876,,,,,,,,,,5.0,,,-74.590556,40.065278,11
877,,,,,,,,,,5.2,,,-74.321389,40.236111,11
878,,,,,,,,,,8.0,,,-74.709444,40.555,11
879,,,,,,,,,,5.0,,,-77.592,36.468,13
880,,,,,,,,,,5.0,,,-77.592,36.468,14
881,,,,,,,,,,5.0,,,-77.656111,36.514722,13
882,,,,,,,,,,5.0,,,-77.656111,36.514722,14
883,,,,,,,,,,5.0,,,-77.467778,36.476944,13
884,,,,,,,,,,5.0,,,-77.467778,36.476944,14
885,,,,,,,,,,5.0,,,-77.499167,35.858056,13
886,,,,,,,,,,5.0,,,-78.626111,36.366944,14
887,,,,,,,,,,1.7,,,-80.883753,41.148019,20
888,,,,,,,,,,20.0,,,-77.776389,38.548333,13
889,,,,,,,,,,4.9,,,-78.598507,36.372546,14
890,,,,,,,,,,1.2,,,-75.511747,39.736708,9
891,,,,,,,,,,1.2,,,-76.957413,39.296749,1
892,,,,,,,,,,2.1,,,-75.6764,38.20257,9
893,,,,,,,,,,1.2,,,-74.09442,40.825316,7
894,,3.2,,,,,,,,,,,-79.041035,40.00665,3
895,,,,,,,,,,4.9,,,-78.141105,36.404382,14
896,,,,,,,847.6,,1.5,,,,-83.443664,41.667928,20
897,,,,,,,714.6,,,,,,-81.05918,40.60441,22
898,,4.2,,,,,,,,,,,-75.543056,39.693333,9
899,,,,,,,3.5,,,,,,-87.678378,41.870751,17
900,,,,,,,,,,5.0,,,-76.993138,36.306369,13
901,,,,,,,,,,4.7,,,-77.218502,36.154227,13
902,,,,,,,,,,,0.1,,-74.117778,40.652778,7
903,,,,,,,,,,10.3,,,-76.87486,38.591545,13
904,,,,,,,,,,1.0,,,-76.4405,39.3716,1
905,,,,,,,,,,3.2,,,-76.0192,38.5158,9
906,,,,,,,,,,2.4,,,-74.59268,40.350341,7
907,,5.4,,,,,,,,,,,-80.699,37.183,22
908,,,,,,,3.6,,,,,,-87.993492,42.067753,17
909,,,,,,,,,,75.0,,,-75.6975,38.168889,9
910,,,,,,,,,,4.6,,,-86.23,42.19,22
911,,,,,,,,,,5.0,,,-86.49,41.7,22
912,,,,,,,,,,2.5,,,-85.64,40.51,22
913,,,,,,,,,,5.0,,,-76.581,36.443,13
914,,,,,,,,,,5.0,,,-77.762458,36.052801,13
915,,,,,,,15.0,,,,,,-78.187474,39.132519,15
916,,,,,,,,,,2.6,,,-86.12,41.69,22
917,,,,,,,,,,15.0,,,-77.134,35.456,13
918,,,,,,,,,,5.0,,,-77.113067,35.482032,13
919,,,,,,,,,,1.0,,,-76.407143,36.848105,13
920,,,,,,,,,,2.1,,,-78.643688,38.383222,13
921,,,,,,,1105.0,,,,,,-76.158056,41.113056,4
922,,,,,,,,,,17.0,,,-74.439668,40.136696,11
923,,,,,,,,,,2.0,,,-77.287027,37.341838,13
924,,,,,,,1588.0,,,,,,-77.649559,36.718236,13
925,,,,,,,1588.0,,,,,,-77.649559,36.718236,14
926,,,,,,,,,,5.0,,,-78.584212,36.353533,14
927,,,,,,,,,,1.8,,,-75.548387,39.781498,9
928,,,,,,,,,,4.9,,,-78.411966,36.258478,14
929,,,,,,,,,,80.0,,,-77.481,35.822,13
930,5.0,,,,,,,,,,,,-78.745333,39.593075,15
931,,,,,,,,,,20.0,,,-78.033704,36.515544,14
932,36.0,,,,,,,,,,,,-88.6836,41.2269,17
933,,,,,,,,,,,208.0,,-76.42,36.31,13
934,,,,,,,,,,13.5,,,-77.135575,36.441359,13
935,,,,,,,,,,13.5,,,-77.135575,36.441359,14
936,,,,,,,,,,20.0,,,-77.120595,36.451012,13
937,,,,,,,,,,,3.0,,-83.644394,41.101219,22
938,,,,,,,,,,1.1,,,-77.727117,39.680865,15
939,,,,,,,,,,74.9,,,-77.481164,36.481008,13
940,,,,,,,,,,74.9,,,-77.481164,36.481008,14
941,,,,,,,,,,1.6,,,-76.735,39.2525,1
942,,,,,,,,,,2.1,,,-83.5364,41.6447,20
943,,,,,,,,,,4.5,,,-77.105614,35.501688,13
944,,,,,,,,,,1.6,,,-75.836235,39.603531,9
945,,,,,,,,,,1.0,,,-76.076693,39.199453,9
946,,,,,,,,,,1.2,,,-74.262001,40.092672,11
947,,,,,,,,,,,1.5,,-83.22865,40.718292,22
948,,,,,,,,,,,4.5,,-83.641381,41.096111,22
949,,,,,,,,,,,103.0,,-79.140639,39.200639,15
950,,0.9,,,,,,,,,,,-85.9575,36.9874,21
951,,,,,,,,,,4.0,,,-78.155087,36.458327,14
952,,,,,,,,,,5.0,,,-77.1182,35.16922,13
953,,,,,,,,,,5.0,,,-77.457772,35.825182,13
954,,,,,,,,,,5.0,,,-76.597825,36.437752,13
955,,,,,,,,,,3.0,,,-84.401595,40.390362,18
956,,,,,,,,,,4.0,,,-77.13432,35.154273,13
957,,,,,,,,,,1.2,,,-75.026208,39.941853,7
958,,,,,,,,,,5.0,,,-77.597517,36.469089,13
959,,,,,,,,,,5.0,,,-77.597517,36.469089,14
960,,,,,,,,,,5.0,,,-77.617957,36.467021,13
961,,,,,,,,,,5.0,,,-77.617957,36.467021,14
962,,,,,,,,,,5.0,,,-77.631511,36.348734,13
963,,,,,,,,,,1.4,,,-74.825925,40.098458,7
964,,,,,,,,,,5.0,,,-78.328294,36.395286,14
965,,,,,,,,,,4.4,,,-74.843398,40.5237,11
966,,,,,,,,,,6.1,,,-74.964482,39.503337,12
967,,,,,,,,,,2.7,,,-74.539003,40.182623,11
968,5.0,,,,,,,,,,,,-83.960782,39.295883,19
969,7.0,,,,,,,,,,,,-84.387266,40.398844,18
970,,,,,,,,,,17.0,,,-77.934,37.523,13
971,,,,,,,,,,19.0,,,-76.611,36.89,13
972,,,,,,,,,,20.0,,,-77.972,38.023,13
973,,,,,,,,,,1.8,,,-74.876373,40.443266,11
974,,,,,,,,,,,38.3,,-79.188056,39.744722,3
975,,,,,,,,,,2.0,,,-75.808331,39.651002,9
976,,,,,,,1210.4,,,,,,-80.678245,40.63534,22
977,,,,,,,1362.0,,,,,,-75.544167,41.471389,4
978,,,,,,,,,,5.0,,,-78.376344,36.352489,14
979,,,,,,,,,,5.2,,,-77.22244,36.34764,13
980,,,,,,,,,,5.2,,,-77.22244,36.34764,14
981,,,,,,,1084.3,,,,,,-76.825517,40.839014,4
982,,,,,,,,,,5.2,,,-77.76077,36.05864,13
983,,,,,,,,,,6.6,,,-74.383616,40.470539,7
984,,,,,,,864.0,,,,,,-80.85162,41.14889,20
985,,,,,,,,,,5.0,,,-74.935,40.76,11
986,,,,,,,,,,5.0,,,-76.490915,36.13026,13
987,,,,,,,314.0,,,,,,-89.606528,41.774417,17
988,,1.6,,,,,,,,,,,-75.913688,40.174563,4
989,31.5,,,,,,,,,,,,-80.4925,38.0878,22
990,,,,,,,,,,5.0,,,-77.1397,35.8748,13
991,,,,,,,,,,5.2,,,-78.633283,36.289625,14
992,,,,,,,,,,5.2,,,-77.02194,35.83079,13
993,,,,,,,,,,4.9,,,-77.11023,35.85028,13
994,,,,,,,,,,19.8,,,-76.364244,36.421064,13
995,,,,,,,,,,2.9,,,-74.58158,40.70266,11
996,,,,,,,,,,3.4,,,-77.725147,36.115542,13
997,,,,,,,,,,1.2,,,-76.516324,39.4476,1
998,,,,,,,,,,1.6,,,-76.201342,39.472128,1
999,,,,,,,947.0,,,,,,-79.696665,40.175249,15
1000,,,,,,,,,,1.5,,,-76.083244,38.953389,9
1001,,,,,,,,,,,100.8,,-84.751,41.121,22
1002,,,,,,,,,,,194.3,,-89.557033,41.620264,17
1003,,,,,,,,,,4.9,,,-77.108044,35.836544,13
1004,,,,,,,,,,5.0,,,-76.842,36.351,13
1005,,,,,,,,,,7.5,,,-74.630095,40.168958,7
1006,,,,,,,,,,1.5,,,-76.138912,38.772903,9
1007,,,,,,,,,,0.9,,,-74.021325,40.814092,7
1008,,,,,,,,,,0.9,,,-74.072782,40.782829,7
1009,,,,,,,,,,16.2,,,-76.46,36.22,13
1010,,,,,,,,,,,90.0,,-77.665939,41.869326,3
1011,,,,,,,,,,5.0,,,-78.367806,36.265611,14
1012,,,,,,,,,,5.0,,,-78.604589,36.288911,14
1013,,,,,,,,,,17.6,,,-76.051419,36.789753,13
1014,,,,,,,,,,,184.0,,-88.1975,40.9675,17
1015,,,,,,,1065.3,,,,,,-78.855,40.412,3
1016,,,,,,,,,,5.0,,,-77.1191,35.4745,13
1017,,,,,,,,,,10.0,,,-76.045658,38.94037,9
1018,,,,,,,,,,62.4,,,-76.136,36.4765,13
1019,,,,,,,,,,20.0,,,-83.582,41.396,20
1020,,,,,,,,,,5.0,,,-78.612,36.383,14
1021,,,,,,,,,,2.0,,,-78.97198,36.43741,14
1022,,,,,,,,,,20.0,,,-77.571,36.371,13
1023,,,,,,,,,,16.0,,,-77.593,36.395,13
1024,19.8,,,,,,,,,,,,-88.274352,42.331411,17
1025,6.0,,,,,,,,,,,,-84.680313,39.287747,19
1026,,,,,,,,,,2.0,,,-76.217,39.445,1
1027,,,,,,,,,,2.0,,,-76.217,39.445,1
1028,,,,,,,,,,2.0,,,-76.22,39.436,1
1029,,,,,,,,,,2.0,,,-76.22,39.436,1
1030,,,,,,,,,,2.0,,,-76.22,39.436,1
1031,,,,,,,,,,2.0,,,-76.22,39.436,1
1032,,,,,,,,,,2.0,,,-76.22,39.436,1
1033,,,,,,,,,,2.0,,,-76.22,39.436,1
1034,,,,,,,,,,12.0,,,-76.573773,38.992144,1
1035,,2.0,,,,,,,,,,,-84.548889,38.345278,21
1036,,,,,,,,,,1.4,,,-76.22,39.436,1
1037,,,,,,,,,,3.0,,,-74.160147,40.43819,11
1038,,,,,,,,,,4.5,,,-74.335762,40.747582,11
1039,,,,,,,,,,7.0,,,-74.167516,40.147009,11
1040,,,,,,,,,,7.5,,,-74.857879,40.464221,11
1041,,,,,,,,,,8.2,,,-74.701645,41.166566,11
1042,,,,,,,,,,1.5,,,-74.154483,40.189425,11
1043,,,,,,,,,,6.8,,,-74.7766,40.0389,7
1044,,,,,,,,,,13.6,,,-75.672715,38.394728,9
1045,,,,,,,,,,6.0,,,-75.959681,39.100947,9
1046,,,,,,,,,,4.5,,,-75.065155,40.843699,11
1047,,,,,,,,,,2.0,,,-75.179342,39.539042,12
1048,,,,,,,4.7,,,,,,-87.970608,41.716534,17
1049,,,,,,,,,,2.5,,,-74.717077,40.450916,11
1050,,,,,,,,,,3.1,,,-74.087225,40.234177,11
1051,,,,,,,,,,2.3,,,-75.122887,39.780789,12
1052,,,,,,,,,,8.3,,,-74.616461,40.047769,11
1053,,,,,,,,,,1.5,,,-74.527849,40.376292,7
1054,,,,,,,,,,6.2,,,-74.663434,40.711882,11
1055,,,,,,,,,,3.0,,,-75.108622,40.599743,11
1056,,,,,,,,,,1.0,,,-74.521366,40.487906,7
1057,,,,,,,,,,2.0,,,-74.504689,40.400273,7
1058,,,,,,,,,,1.5,,,-74.906513,38.976718,12
1059,,,,,,,,,,1.3,,,-75.014791,39.760172,12
1060,,,,,,,,,,3.1,,,-74.530865,39.411372,12
1061,,,,,,,,,,1.0,,,-74.212235,40.697259,7
1062,,,,,,,,,,0.9,,,-74.100182,40.66362,7
1063,,,,,,,,,,3.1,,,-76.299469,36.269175,13
1064,,,,,,,,,,5.0,,,-77.623,36.058,13
1065,,,,,,,,,,15.0,,,-77.164201,35.887545,13
1066,,,,,,,3.2,,,,,,-87.864282,42.25416,17
1067,,,,,,,,,,1.4,,,-74.68093,39.460566,12
1068,,,,,,,,,,7.4,,,-74.638077,41.152955,11
1069,,,,,,,,,,1.7,,,-74.017,40.818,7
1070,,,,,,,,,,6.0,,,-74.275153,40.534414,7
1071,,,,,,,,,,1.0,,,-74.801807,39.987281,7
1072,,,,,,,,,,1.0,,,-74.320933,40.475477,11
1073,,,,,,,,,,1.4,,,-77.293217,39.237945,15
1074,,,,,,,,,,2.5,,,-74.065394,40.760069,7
1075,,,,,,,,,,1.6,,,-74.077397,40.77312,7
1076,,,,,,,,,,1.2,,,-74.297098,40.814586,7
1077,,,,,,,,,,1.7,,,-74.304989,40.815363,7
1078,,,,,,,,,,2.9,,,-74.1142,40.7278,7
1079,,,,,,,,,,1.2,,,-79.392991,39.505187,15
1080,,,,,,,,,,2.2,,,-75.925225,40.423484,2
1081,,,,,,,,,,1.7,,,-77.314427,39.69373,15
1082,,,,,,,,,,1.0,,,-74.161153,40.070879,11
1083,,,,,,,,,,5.0,,,-77.633477,36.345842,13
1084,,,,,,,,,,2.7,,,-83.8391,40.759622,22
1085,,,,,,,,,,20.0,,,-76.844612,37.471464,13
1086,,,,,,,,,,20.0,,,-77.41776,36.940529,13
1087,,,,,,,,,,19.8,,,-78.379237,37.502944,13
1088,,,,,,,,,,2.8,,,-82.984331,41.319351,20
1089,,,,,,,4.0,,,,,,-74.771501,40.348275,7
1090,,,,,,,,,,20.0,,,-77.944637,37.526244,13
1091,,,,,,,,,,2.0,,,-76.581401,40.152693,4
1092,,,,,,,,,,7.9,,,-74.787611,40.095611,7
1093,,,,,,,,,,2.0,,,-77.719745,36.433289,13
1094,,,,,,,,,,5.0,,,-74.130198,40.109677,11
1095,,,,,,,,,,10.0,,,-77.30957,35.821137,13
1096,,,,,,,,,,16.0,,,-77.049537,36.419353,13
1097,,,,,,,,,,,1.5,,-84.033742,41.002764,22
1098,,,,,,,,,,,4.5,,-83.178491,40.591154,20
1099,,,,,,,,,,17.0,,,-77.170439,37.672005,13
1100,,,,,,,,,,5.0,,,-77.677474,36.50592,13
1101,,,,,,,,,,5.0,,,-77.677474,36.50592,14
1102,,,,,,,485.0,,,,,,-75.799669,40.268522,2
1103,,,,,,,,,,2.5,,,-78.18,38.929,13
1104,,,,,,,,,,8.8,,,-74.697369,39.981764,7
1105,,,,,,,,,,8.8,,,-74.701917,39.979936,7
1106,,,,,,,,,,3.0,,,-79.480995,37.335046,22
1107,,,,,,,,,,3.0,,,-77.615869,35.829572,13
1108,,,,,,,,,,5.0,,,-77.161514,36.442636,13
1109,,,,,,,,,,5.0,,,-77.161514,36.442636,14
1110,,4.5,,,,,,,,,,,-83.903,38.895,19
1111,,,,,,,,,,1.4,,,-74.650123,40.483601,7
1112,,,,,,,,,,1.0,,,-76.393562,39.42757,1
1113,,,,,,,,,,2.0,,,-88.07,41.48,17
1114,,,,,,,,,,1.5,,,-75.28309,40.215399,5
1115,,,,,,,,,,1.2,,,-75.288789,38.717509,9
1116,,,,,,,,,,5.0,,,-78.449024,36.391194,14
1117,,,,,,,,,,1.8,,,-74.730162,40.894197,11
1118,,,,,,,,,,1.0,,,-74.39281,40.575378,7
1119,,,,,,,22.0,,,,,,-76.299361,41.610981,3
1120,,,,,,,6.2,,,,,,-76.2991,39.3975,1
1121,,,,,,,,,,4.8,,,-76.489357,36.160629,13
1122,,,,,,,,,,5.0,,,-78.622242,36.326821,14
1123,,,,,,,,,,,119.7,,-84.9769,40.319,22
1124,,,,,,,,,,2.7,,,-84.613255,38.751822,19
1125,,,,,,,,,,2.0,,,-84.592263,38.85018,19
1126,,,,,,,,,,2.0,,,-84.592263,38.85018,19
1127,,,,,,,,,,15.7,,,-78.660158,38.739621,13
1128,,,,,,,485.0,,,,,,-80.84552,39.70257,22
1129,,,,,,,,,,,66.0,,-83.728714,40.793073,22
1130,,,,,,,,,,,150.0,,-88.993862,41.055385,17
1131,,,,,,,,,,2.2,,,-74.625694,40.379736,7
1132,,,,,,,,,,,3.0,,-83.644131,41.084329,22
1133,,,,,,,,,,1.1,,,-76.548,39.27,1
1134,,,,,,,,,,1.9,,,-74.255,40.582,7
1135,,,,,,,,,,1.9,,,-74.257,40.583,7
1136,,,,,,,,,,10.0,,,-78.138207,39.06485,13
1137,,,,,,,,,,20.0,,,-76.799967,37.834094,13
1138,,,,,,,,,,103.6,,,-77.166,36.614,13
1139,,,,,,,,,,2.3,,,-81.759461,40.856428,20
1140,,,,,,,,,,1.8,,,-84.4978,40.2207,18
1141,,,,,,,,,,1.6,,,-84.047247,40.444969,18
1142,,,,,,,,,,5.0,,,-78.230963,37.96724,13
1143,,,,,,,,,,5.0,,,-78.049191,37.88051,13
1144,,,,,,,,,,1.4,,,-76.548,39.267,1
1145,,,,,,,,,,5.0,,,-74.225,40.595,7
1146,1.0,,,,,,,,,0.9,,,-74.804896,40.328005,7
1147,,,,,,,,,,4.0,,,-75.014147,39.575217,12
1148,,,,,,,,,,50.0,,,-78.315078,36.475369,14
1149,,,,,,,,,,2.2,,,-75.1186,39.910969,7
1150,,,,,,,,,,9.0,,,-77.363415,39.570338,15
1151,,,,,,,,,,5.0,,,-76.810226,35.148339,13
1152,6.0,,,,,,,,,15.7,,,-77.45,39.44,15
1153,,,,,,,,,,5.0,,,-76.52924,36.107345,13
1154,,,,,,,,,,10.0,,,-74.567786,40.403238,7
1155,,,,,,,,,,8.8,,,-74.243376,40.444372,11
1156,,,,,,,,,,8.4,,,-74.863033,40.453864,11
1157,,,,,,,,,,1.9,,,-77.236,39.113,6
1158,,,,,,,,,,1.3,,,-74.47586,40.814851,11
1159,,,,,,,,,,1.9,,,-82.517957,40.073337,22
1160,,,,,,,,,,,4.5,,-84.609857,40.131293,18
1161,,,,,,,,,,15.0,,,-79.116506,37.276278,13
1162,6.2,,,,,,8.0,,,,,,-75.185539,39.890223,5
1163,,,,,,,,,,1.6,,,-76.908997,39.017238,6
1164,,,,,,,,,,0.9,,,-84.608172,38.987696,19
1165,,,,,,,,,,2.7,,,-74.532375,40.539051,7
1166,,,,,,,,,,5.0,,,-76.544,36.054,13
1167,,,,,,,,,,7.6,,,-75.274195,38.376941,9
1168,,,,,,,,,,1.2,,,-75.622424,39.279702,9
1169,,,,,,,,,,1.8,,,-84.23148,40.140866,18
1170,,,,,,,,,,60.0,,,-76.154089,36.472591,13
1171,,,,,,,,,,1.9,,,-81.58983,40.702397,20
1172,,,,,,,,,,1.0,,,-75.306372,40.095176,5
1173,,,,,,,4.4,,6.0,0.2,,,-74.62393,40.339838,7
1174,,,,,,,1.0,,,,,,-81.682272,41.5094,20
1175,,,,,,,,,,4.8,,,-76.507778,36.114444,13
1176,,,,,,,,,,6.0,,,-79.29906,36.660591,22
1177,,,,,,,,,,13.0,,,-74.621862,39.977433,11
1178,19.8,,,,,,,,,,,,-75.144467,40.66538,11
1179,19.8,,,,,,,,,,,,-74.497779,40.1094,11
1180,,,,,,,,,,3.5,,,-75.10802,39.93903,7
1181,,,,,,,,,,7.5,,,-74.647387,40.032087,11
1182,,,,,,,,,,15.0,,,-76.56093,36.660483,13
1183,,,,,,,,,,3.0,,,-76.882525,40.795166,4
1184,,,,,,,,,,1.3,,,-76.759479,39.019083,1
1185,1.0,,,,,,,,,,,,-74.445146,39.381969,12
1186,,,,,,,,,,1.4,,,-75.545978,39.723644,9
1187,,,,,,,,,,8.8,,,-74.944168,40.522818,11
1188,,,,,,,,,,142.4,,,-76.902222,37.138889,13
1189,,,,,,,,,,97.9,,,-76.919245,37.173916,13
1190,,,,,,,,,,20.0,,,-77.786223,38.247123,13
1191,,,,,,,,,,75.0,,,-77.786223,38.247123,13
1192,,,,,,,,,,240.0,,,-77.786223,38.247123,13
1193,,,,,,,,,,165.0,,,-77.786223,38.247123,13
1194,0.5,,,,,,,,,0.7,,,-74.312476,40.838568,7
1195,,,,,,,,,,3.7,,,-81.751526,41.443122,20
1196,,,,,,,,,,1.6,,,-76.87,38.82,6
1197,,,,,,,,,,5.0,,,-76.489563,36.157401,13
1198,,,,,,,,,,1.7,,,-76.054316,39.035986,9
1199,,,,,,,,,,4.9,,,-78.178,36.412,14
1200,,,,,,,,,,1.5,,,-77.844117,40.817019,15
1201,,,,,,,,,,15.0,,,-76.46734,37.57245,13
1202,,,,,,,,,,200.0,,,-83.906046,39.076972,19
1203,,,,,,,,,,4.0,,,-77.216,39.127,6
1204,,,,,,,,,,1.5,,,-74.908,40.652,11
1205,,,,,,,,,,5.5,,,-74.154627,40.446574,11
1206,,,,,,,,,,1.8,,,-76.32095,39.44752,1
1207,,,,,,,,,,1.5,,,-74.071521,40.78976,7
1208,,,,,,,,,,1.0,,,-74.072239,40.770516,7
1209,,,,,,,,,,5.0,,,-76.973379,38.772107,6
1210,,,,,,,,,,5.0,,,-76.790764,35.829426,13
1211,,,,,,,,,,5.0,,,-76.801491,35.845354,13
1212,,,,,,,,,,5.0,,,-76.125847,36.311822,13
1213,,,,,,,,,,2.5,,,-76.95,38.85,6
1214,,,,,,,,,,7.5,,,-75.85,39.35,9
1215,,,,,,,,,,99.9,,,-77.066561,36.29116,13
1216,,,,,,,,,,1.3,,,-76.200935,36.875877,13
1217,,,,,,,,,,5.9,,,-77.009291,38.852655,6
1218,,,,,,,,,,2.0,,,-76.13475,38.583064,9
1219,,,,,,,,,,1.0,,,-76.498041,39.13728,1
1220,,,,,,,,,,3.0,,,-76.57313,40.427558,2
1221,,,,,,,,,,1.2,,,-74.3878,40.4987,7
1222,,,,,,,,,,2.8,,,-75.052996,39.838784,7
1223,18.0,,,,,,,,,,,,-79.00205,39.790739,3
1224,,,,,,,,,,1.0,,,-74.1808,40.0709,11
1225,,,,,,,,,,,56.2,,-80.613055,38.112222,22
1226,,,,,,,7.1,,,,,,-74.4369,39.3733,12
1227,,,,,,,,,,80.6,,,-76.763849,35.596814,13
1228,,,,,,,622.5,,,,,,-79.938201,39.894212,15
1229,,,,,,,,,,2.0,,,-74.427242,40.777783,11
1230,,,,,,,,,,,200.0,,-85.206694,40.051694,22
1231,,,,,,,,,,1.4,,,-74.407814,40.666976,11
1232,,,,,,,,,,1.9,,,-74.4847,40.313573,7
1233,,,,,,,,,,1.5,,,-74.302956,40.859343,7
1234,,,,,,,,,2.0,,,,-74.354231,40.711684,11
1235,,,,,,,,,,1.7,,,-76.146055,39.498961,1
1236,,,,,,,,,,2.3,,,-76.146701,39.493704,1
1237,,,,,,,,,,7.5,,,-75.156486,40.614955,11
1238,,,,,,,,,,8.8,,,-74.958162,40.757615,11
1239,,1.4,,,,,,,,,,,-83.544,38.191,21
1240,,,,,,,,,,,4.5,,-83.637778,41.093078,22
1241,,,,,,,,,14.4,,,,-81.474535,41.141773,20
1242,,,,,,,,,,5.0,,,-77.185206,35.067661,13
1243,,,,,,,,,,300.0,,,-83.80981,39.083514,22
1244,,,,,,,,,,175.0,,,-77.158736,37.437106,13
1245,,,,,,,,,,4.2,,,-74.122229,40.888632,7
1246,,,,,,,,,,3.6,,,-76.161594,40.198529,4
1247,,,,,,,,,,5.0,,,-76.033,36.27,13
1248,,,,,,,,,,5.0,,,-76.058,36.33,13
1249,,,,,,,,,,5.0,,,-76.602304,36.283778,13
1250,,,,,,,,,,1.0,,,-77.006676,38.874155,6
1251,,,,,,,,,,2.6,,,-74.807687,40.09283,7
1252,,,,,,,,,,10.0,,,-75.065465,40.836806,11
1253,,,,,,,,,,2.0,,,-76.300435,38.94843,9
1254,,,,,,,,,,88.2,,,-78.043131,38.015735,13
1255,,,,,,,,,,3.8,,,-75.218545,39.409744,12
1256,,,,,,,1.1,,,,,,-76.476728,40.10846,4
1257,,,,,,,,,,3.4,,,-74.314421,40.237803,11
1258,,,,,2.5,,,,,,,,-83.948553,37.677484,21
1259,,,,,,,,,,,4.5,,-84.61256,41.192377,22
1260,,,,,,,,,,59.6,,,-77.65,36.59,13
1261,,,,,,,,,,59.6,,,-77.65,36.59,14
1262,,,,,,,,,,2.5,,,-85.570279,40.481168,22
1263,,,,,,,,,,80.0,,,-78.771892,36.818554,14
1264,,,,,,,,,,4.3,,,-85.505304,41.175519,22
1265,,,,,,,,,,1.5,,,-76.383228,37.657039,13
1266,,,,,,,,,,12.6,,,-84.25545,40.13043,18
1267,,,,,,,,,,100.0,,,-77.696443,36.003272,13
1268,,,,,,,,,,80.0,,,-78.45,36.85,13
1269,,,,,,,,,,80.0,,,-78.45,36.85,14
1270,,,,,,,,,,100.0,,,-77.558,36.6867,13
1271,,,,,,,,,,100.0,,,-77.558,36.6867,14
1272,20.0,,,,,,,,,,,,-88.639983,42.252733,17
1273,,,,,,,,,,1.3,,,-76.469011,39.222576,1
1274,,,,,,,1.0,,,,,,-76.75007,40.229379,4
1275,,,,,,,,,,10.6,,,-74.441969,40.257726,11
1276,,,,,,,,,,1.3,,,-74.380834,40.254975,11
1277,,,,,,,,,,4.5,,,-74.556,40.053,11
1278,,,,,,,,,,2.9,,,-74.731032,41.099995,11
1279,,,,,,,,,,1.0,,,-77.317948,39.149037,6
1280,,,,,,,,,,7.5,,,-77.67837,39.64913,15
1281,,,,,2.5,,,,,,,,-86.2453,41.676,22
1282,,,,,,,1116.0,,,,,,-88.110626,41.438536,17
1283,,,,,,,,,,2.6,,,-81.75074,41.000755,20
1284,,,,,,,,,,6.3,,,-81.764344,41.012786,20
1285,,,,,,,,,,,125.1,,-84.751,41.121,22
1286,,,,,,,,,,3.0,,,-77.2197,40.1976,4
1287,,,,,,,1782.0,,,,,,-81.5354,39.9364,22
1288,,,,,,,,,,49.9,,,-78.483909,36.811533,13
1289,,,,,,,,,,49.9,,,-78.483909,36.811533,14
1290,,,,,,,,,,65.0,,,-78.105,36.533,14
1291,,,,,,,,,,5.4,,,-74.347394,40.52132,7
1292,,,,,,,,,,2.0,,,-74.234881,40.640209,7
1293,,,,,,,,,,50.0,,,-79.358743,36.931378,14
1294,,,,,,,,,,13.5,,,-77.609986,40.139673,3
1295,,,,,,,,,,20.0,,,-77.814218,39.904211,15
1296,,,,,,,,,,20.0,,,-77.769144,39.87817,15
1297,,,,,,,,,,5.0,,,-77.092,35.138,13
1298,,,,,,,1.1,,,,,,-74.983057,40.071128,5
1299,,,,,,,,,,10.0,,,-77.028205,36.268007,13
1300,,,,,,,,,,150.0,,,-83.813708,40.659506,22
1301,,,,,,,,,,19.8,,,-76.45,37.45,13
1302,,,,,,,,,,1.9,,,-88.4625,42.164,17
1303,,,,,,,,,,1.5,,,-88.383,42.164,17
1304,,,,,,,,,,1.3,,,-88.240254,42.110925,17
1305,,,,,,,,,,2.0,,,-76.39772,39.41805,1
1306,,,,,,,,,,2.0,,,-88.3378,41.8233,17
1307,,,,,,,,,,2.0,,,-76.800911,38.789216,6
1308,,,,,,,,,,79.9,,,-77.534825,36.486428,13
1309,,,,,,,,,,79.9,,,-77.534825,36.486428,14
1310,,,,,,,,,,13.8,,,-78.581272,37.018427,13
1311,,,,,,,,,,15.7,,,-78.76591,37.32936,13
1312,,,,,,,,,,32.0,,,-76.194266,36.624113,13
1313,,,,,,,,,,2.0,,,-76.480453,39.205804,1
1314,,,,,,,,,,19.7,,,-77.337645,37.177825,13
1315,,,,,,,,,,8.8,,,-75.06,40.72,11
1316,,,,,,,,,,8.0,,,-75.16,40.67,11
1317,,,,,,,,,4.8,,,,-79.51109,37.33206,22
1318,,,,,,,,,,3.0,,,-82.711785,41.230142,20
1319,,,,,,,,,,3.1,,,-74.336,40.438,11
1320,,,,,,,,,,2.6,,,-74.8947,39.819725,12
1321,,,,,,,,,,1.2,,,-74.675089,40.92635,11
1322,,,,,,,,,,1.0,,,-74.150011,41.079073,8
1323,,,,,,,,,,2.2,,,-74.70629,40.11359,7
1324,,,,,,,,,,2.0,,,-76.8351,39.34167,1
1325,,3.2,,,,,,,,,,,-81.16193,37.81577,22
1326,,,,,,,,,,1.6,,,-77.40947,39.38588,15
1327,,,,,,,,,,2.7,,,-74.3642,40.7397,11
1328,,,,,,,,,,1.3,,,-74.935167,40.049778,7
1329,,,,,,,,,,2.0,,,-77.513,35.759,13
1330,,,,,,,,,,2.0,,,-77.291111,35.815556,13
1331,,,,,,,,,,2.0,,,-78.95,36.464,14
1332,,,,,,,,,,3.8,,,-75.216293,39.822945,7
1333,,,,,,,,,,1.1,,,-76.46813,39.37614,1
1334,,,,,,,,,,3.0,,,-77.61444,36.50806,13
1335,,,,,,,,,,3.0,,,-77.61444,36.50806,14
1336,,,,,,,,,,1.3,,,-84.51074,39.141852,19
1337,,,,,,,,,,1.5,,,-74.60035,39.4877,12
1338,,,,,,,,,,2.0,,,-76.82843,38.73169,6
1339,,,,,,,,,,5.0,,,-77.085241,36.248563,13
1340,,,,,,,,,,3.7,,,-74.880941,40.056213,7
1341,,,,,,,7.5,,,,,,-77.007443,38.882704,6
1342,,,,,,,,,,3.2,,,-74.175226,40.665678,7
1343,,,,,,,,,,1.4,,,-74.482969,40.550342,7
1344,,,,,,,,,,1.9,,,-74.657754,40.152302,7
1345,,,,,,,,,,3.7,,,-75.196874,39.817319,7
1346,,,,,,,,,,1.4,,,-74.131258,40.751938,7
1347,,,,,,,,,,,93.0,,-89.085363,40.96038,17
1348,,,,,,,,,,1.9,,,-82.672395,40.896042,22
1349,,,,,,,,,,3.0,,,-75.399444,38.664989,9
1350,,,,,,,,,,1.5,,,-74.62947,40.5737,7
1351,,,,,,,,,,1.0,,,-74.93556,39.00776,12
1352,,,,,,,,,,1.5,,,-76.968186,38.936172,6
1353,,,,,,,,,,13.1,,,-74.425,40.312,11
1354,,,,,,,,,,6.5,,,-75.212019,39.846549,7
1355,,,,,,,,,3.6,,,,-82.4,40.53,22
1356,,,,,,,,,,2.8,,,-74.744444,41.152222,11
1357,,,,,,,4.1,,,,,,-77.050788,38.900216,6
1358,,,,,,,5.2,,,,,,-74.434228,39.359831,12
1359,,,,,,,4.3,,,,,,-79.98741,40.43727,10
1360,,,,,,,2.7,,,,,,-74.826404,40.108316,7
1361,,,,,,,,,,2.0,,,-77.34985,39.373263,15
1362,,,,,,,10.8,,,,,,-74.196651,40.865207,7
1363,,,,,,,,,,9.6,,,-74.312,40.024,11
1364,,,,,,,,,,2.0,,,-75.690118,38.413274,9
1365,,,,,,,,,,10.0,,,-75.84656,40.86159,4
1366,,,,,,,,,,2.0,,,-77.82543,39.62143,15
1367,,,,,,,,,,2.0,,,-77.82332,39.61849,15
1368,,,,,,,,,,2.0,,,-77.82329,39.67185,15
1369,,,,,,,,,,2.0,,,-77.80145,39.68185,15
1370,,,,,,,,,,1.0,,,-74.087431,40.690025,7
1371,,,,,,,6.0,,,,,,-74.1263,40.7205,7
1372,,,,,,,,,,80.0,,,-79.027061,37.016375,13
1373,,,,,,,,,,80.0,,,-79.027061,37.016375,14
1374,,,,,,,,,,9.0,,,-77.073839,36.423222,13
1375,,,,,,,,,,2.0,,,-88.06491,41.076,17
1376,,,,,,,,,,2.0,,,-88.66696,41.96455,17
1377,,,,,,,,,,1.5,,,-74.65676,40.18933,7
1378,,,,,,,,,6.1,,,,-74.1656,40.9026,7
1379,,,,,,,,,,1.1,,,-76.894882,38.911287,1
1380,,,,,,,,,,,130.0,,-85.113149,40.360533,22
1381,,,,,,,,,,3.3,,,-79.647108,40.216382,15
1382,,,,,,,,,,19.9,,,-76.744034,38.007488,13
1383,,,,,,,,,,2.3,,,-74.023243,40.172415,11
1384,,,,,,,1.3,,,,,,-75.62208,39.75787,9
1385,,,,,,,1.5,,,,,,-74.070335,40.77536,7
1386,,,,,,,2.0,,,,,,-74.07224,40.77853,7
1387,,,,,,,2.5,,,,,,-74.07591,40.77782,7
1388,,,,,,,2.6,,,,,,-74.50348,40.63251,11
1389,,,,,,,,,,80.0,,,-77.57,36.64,13
1390,,,,,,,,,,80.0,,,-77.57,36.64,14
1391,,,,,,,,,,15.0,,,-76.67,36.79,13
1392,,,,,,,,,,15.0,,,-77.811561,39.799589,15
1393,,,,,,,,,,20.0,,,-77.929148,39.849241,15
1394,,,,,,,,,,20.0,,,-74.1,40.28,11
1395,,,,,,,,,,20.0,,,-77.550375,36.53115,13
1396,,,,,,,,,,20.0,,,-77.550375,36.53115,14
1397,,,,,,,,,,20.0,,,-86.1083,41.7311,22
1398,,,,,,,,,,2.0,,,-87.61052,41.327123,17
1399,,,,,,,,,,2.0,,,-89.198015,42.339141,17
1400,,,,,,,,,,1.6,,,-87.752,41.455,17
1401,,,,,,,7.8,,,,,,-83.157,40.622,20
1402,,,,,,,,,,100.0,,,-89.906865,42.432863,17
1403,,,,,,,,,,1.4,,,-87.669,41.849,17
1404,,,,,,,,,,1.0,,,-87.735,41.817,17
1405,,,,,,,,,,4.3,,,-77.860901,39.625172,15
1406,,,,,,,,,,1.9,,,-76.63,39.447,1
1407,,,,,,,,,,60.0,,,-78.509769,36.807131,13
1408,,,,,,,,,,60.0,,,-78.509769,36.807131,14
1409,,,,,,,,,,79.6,,,-75.960905,39.178761,9
1410,,,,,,,,,,3.5,,,-77.018944,38.819244,6
1411,,,,,,,3.5,,,,,,-83.3777,41.1718,22
1412,,,,,,,3.5,,,,,,-85.025545,40.414455,22
1413,,,,,,,3.6,,,,,,-85.654444,40.294347,22
1414,,,,,,,3.5,,,,,,-83.97062,41.12055,22
1415,,,,,,,1161.3,,,,,,-88.284444,41.372222,17
1416,,,,,,,,,,2.0,,,-87.726108,41.108211,17
1417,,,,,,,,,,2.0,,,-88.68876,41.92219,17
1418,,,,,,,,,,2.0,,,-89.88398,42.35681,17
1419,,,,,,,,,,2.0,,,-89.15986,41.54863,17
1420,,,,,,,,,,12.0,,,-79.302,36.591,22
1421,,,,,,,,,,2.0,,,-88.40712,42.2899,17
1422,,,,,,,,,,0.9,,,-77.031405,38.977175,6
1423,,,,,,,,,,1.5,,,-75.235661,39.415336,12
1424,,,,,,,,,,,250.0,,-88.395079,40.661079,17
1425,,,,,,,,,,2.0,,,-87.78887,41.070396,17
1426,,,,,,,,,,2.0,,,-88.920643,42.215163,17
1427,,,,,,,,,,2.0,,,-87.837817,41.207388,17
1428,,,,,,,,,,2.0,,,-87.97498,41.10341,17
1429,,,,,,,,,,13.0,,,-77.17,37.671,13
1430,,,,,,,,,,20.0,,,-77.593,38.672,13
1431,,,,,,,,,,2.0,,,-88.656288,41.758266,17
1432,,,,,,,,,,20.0,,,-78.381,37.5064,13
1433,,,,,,,,,,2.0,,,-88.846141,42.41894,17
1434,,,,,,,,,,80.0,,,-79.347497,37.148199,22
1435,,,,,,,,,,2.3,,,-74.57594,40.55812,7
1436,,,,,,,,,,1.2,,,-74.64512,40.32312,7
1437,,,,,,,,,,1.2,,,-90.179581,42.436665,17
1438,,,,,,,,,,2.0,,,-89.632719,42.339696,17
1439,,,,,,,,,,2.0,,,-90.15885,41.85691,17
1440,,,,,,,,,,20.0,,,-76.775123,37.365615,13
1441,,,,,,,,,,20.0,,,-76.786,38.077,13
1442,,,,,,,,,,1.1,,,-75.24615,39.78736,12
1443,,,,,,,,,,3.0,,,-75.27774,40.73998,2
1444,,,,,,,,,,3.8,,,-90.011235,42.348183,17
1445,,,,,,,,,,20.0,,,-76.35,36.65,13
1446,,,,,,,,,,42.0,,,-79.192804,36.942634,14
1447,,,,,,,3.2,,,,,,-74.63951,40.570448,7
1448,,,,,,,,,,80.0,,,-77.64,35.9,13
1449,,,,,,,10.0,,,,,,-82.965261,41.293294,20
1450,,,,,,,,,,25.0,,,-77.207725,37.665975,13
1451,,,,,,,,,,80.0,,,-76.620452,35.928188,13
1452,,,,,,,,,,2.0,,,-79.387898,39.59535,15
1453,,,,,,,,,,1.4,,,-74.65551,40.3147,7
1454,,,,,,,,,,1.1,,,-74.64994,40.32358,7
1455,,,,,,,,,,2.0,,,-89.843327,41.769376,17
1456,,,,,,,1.1,,,,,,-76.78042,39.1578,1
1457,,,,,,,,,,2.0,,,-89.903444,42.312841,17
1458,,,,,,,,,,2.0,,,-87.826519,41.119258,17
1459,,,,,,,,,,4.5,,,-77.133295,35.160889,13
1460,,,,,,,,,,2.0,,,-88.596711,42.251568,17
1461,,,,,,,,,,2.0,,,-88.491906,42.214828,17
1462,,,,,,,,,,2.0,,,-87.869294,41.097265,17
1463,,,,,,,,,,4.0,,,-77.75,36.06,13
1464,,,,,,,,,,21.3,,,-74.238,39.984,11
1465,,,,,,,,,,2.0,,,-87.666461,41.19128,17
1466,,,,,,,,,,2.0,,,-88.043725,41.471715,17
1467,,,,,,,,,,2.0,,,-88.478372,41.954902,17
1468,,,,,,,,,,2.0,,,-89.80797,42.37195,17
1469,,,,,,,,,,1.0,,,-76.743011,39.189589,1
1470,,,,,,,,,,3.9,,,-74.84089,40.08556,7
1471,,,,,,,,,,5.0,,,-78.921771,36.486008,14
1472,,,,,,,,,,1.0,,,-89.670331,41.767012,17
1473,,,,,,,,,,1.7,,,-76.97592,38.84683,6
1474,,,,,,,,,,2.0,,,-74.45646,40.55879,7
1475,,,,,,,,,,5.0,,,-76.60357,36.30161,13
1476,,,,,,,,,,2.4,,,-74.9353,40.04936,7
1477,,,,,,,,,,2.0,,,-88.625,40.91806,17
1478,,,,,,,,,,2.0,,,-89.03686,42.16572,17
1479,,,,,,,,,,1.1,,,-74.48185,40.48071,7
1480,,,,,,,,,,,115.0,,-79.108263,39.366803,15
1481,,,,,,,,,,2.0,,,-88.664448,41.674386,17
1482,,,,,,,,,,2.0,,,-89.433136,42.065653,17
1483,,,,,,,,,,2.0,,,-88.925188,41.805224,17
1484,,,,,,,,,,1.5,,,-76.7,39.16,1
1485,2.5,,,,,,,,,2.0,,,-76.535976,35.637337,13
1486,,,,,,,,,,20.0,,,-76.144486,36.30786,13
1487,,,,,,,,,,200.0,,,-85.045087,40.046244,22
1488,,,,,,,,,,1.3,,,-76.923695,38.77897,6
1489,,,,,,,,,,1.4,,,-76.803146,38.831624,6
1490,,,,,,,,,,2.0,,,-76.85446,39.47653,1
1491,,,,,,,,,,2.0,,,-77.70058,39.66448,15
1492,,,,,,,,,,1.9,,,-88.11549,41.6721,17
1493,,,,,,,,,,1.8,,,-89.074384,42.206076,17
1494,,,,,,,,,,196.0,,,-83.328428,39.855658,20
1495,,,,,,,,,,1.9,,,-76.92965,39.32015,1
1496,,,,,,,,,,1.9,,,-76.92965,39.32015,1
1497,,,,,,,,,,1.5,,,-76.403,39.4167,1
1498,,,,,,,,,,1.0,,,-75.91848,39.69196,9
1499,,,,,,,,,,2.0,,,-78.108,39.68753,15
1500,,,,,,,,,,2.0,,,-76.6972,38.9152,1
1501,,,,,,,,,,5.0,,,-76.64867,36.27585,13
1502,,,,,,,,,,5.0,,,-76.872438,36.021253,13
1503,,,,,,,,,,100.0,,,-76.1887,36.5044,13
1504,,,,,,,,,,2.0,,,-76.714819,38.934666,1
1505,,,,,,,,,,20.0,,,-75.835207,38.613328,9
1506,,,,,,,,,,20.0,,,-78.651901,41.050201,3
1507,,,,,,,,,,20.0,,,-78.179153,40.963184,3
1508,,,,,,,,,,2.0,,,-89.638813,42.452243,17
1509,,,,,,,,,,2.0,,,-88.863709,41.117733,17
1510,,,,,,,,,,2.0,,,-87.594818,41.392408,17
1511,,,,,,,,,,2.0,,,-89.842957,42.379459,17
1512,,,,,,,,,,2.0,,,-89.796287,42.371669,17
1513,,,,,,,,,,2.0,,,-88.8308,41.9506,17
1514,,,,,,,,,,2.0,,,-87.7876,41.49563,17
1515,,,,,,,,,,2.0,,,-88.65309,41.69398,17
1516,,,,,,,,,,2.0,,,-87.594633,41.392408,17
1517,,,,,,,,,,1.5,,,-76.574153,38.783572,1
1518,,,,,,,,,,20.0,,,-79.709472,36.687071,22
1519,,,,,,,,,,274.0,,,-83.065575,39.502511,22
1520,,,,,,,,,,50.0,,,-84.567965,37.592994,21
1521,,,,,,,,,,100.0,,,-83.796107,39.07183,22
1522,,,,,,,,,,2.0,,,-88.21848,41.25559,17
1523,,,,,,,22.0,,,,,,-80.233,40.495,10
1524,,,,,,,,,,3.0,,,-80.253073,40.481959,10
1525,,,,,,,,,,2.0,,,-89.496181,42.063506,17
1526,,,,,,,,,,1.1,,,-88.031041,42.09972,17
1527,,,,,,,,,,1.5,,,-87.789421,41.753932,17
1528,,,,,,,,,,0.9,,,-88.272411,41.381481,17
1529,,,,,,,,,,2.0,,,-88.30134,41.19504,17
1530,,,,,,,,,,2.0,,,-89.598098,42.307119,17
1531,,,,,,,,,,2.0,,,-89.804732,41.721815,17
1532,,,,,,,,,,2.0,,,-89.836971,42.356266,17
1533,,,,,,,,,6.0,,,,-75.316396,40.203333,5
1534,,,,,,,,,,1.9,,,-87.856212,41.916874,17
1535,,,,,,,,,,2.0,,,-88.63587,42.25974,17
1536,,,,,,,,,,14.0,,,-76.606956,38.006741,13
1537,,,,,,,,,,20.0,,,-77.26358,37.52364,13
1538,,,,,,,,,,2.0,,,-84.659757,39.03131,19
1539,20.0,,,,,,,,,,,,-77.7,37.5,13
1540,,,,,,,,,,20.0,,,-76.823316,39.901749,2
1541,,,,,,,,,,20.0,,,-76.770965,39.93727,2
1542,,,,,,,,,,20.0,,,-77.3785,40.5608,4
1543,,,,,,,,,,20.0,,,-76.90506,40.792458,4
1544,,,,,,,,,,20.0,,,-76.783835,39.925412,2
1545,,,,,,,,,,2.9,,,-74.35037,40.06451,11
1546,,,,,,,,,,1.6,,,-74.62377,40.93207,11
1547,,,,,,,,,,2.0,,,-76.688773,38.904641,1
1548,,,,,,,,,,0.8,,,-76.95561,38.89829,6
1549,,,,,,,,,,11.5,,,-77.952873,38.017664,13
1550,,,,,,,,,,1.2,,,-74.10803,40.72762,7
1551,,,,,,,,,,1.2,,,-77.00205,38.82568,6
1552,,,,,,,2.0,,,,,,-74.134837,40.397872,11
1553,,,,,,,2.0,,,,,,-74.428245,40.845086,11
1554,,,,,,,,,,20.0,,,-80.313399,40.511559,10
1555,,,,,,,,,,80.0,,,-84.0174,38.9255,19
1556,,,,,,,,,,31.4,,,-78.677069,38.613601,13
1557,,,,,,,,,,20.0,,,-76.578558,36.692197,13
1558,,,,,,,,,,20.0,,,-78.885955,36.681547,22
1559,,,,,,,,,,18.6,,,-77.862016,37.919497,13
1560,,,,,,,,,,118.0,,,-77.12265,37.020784,13
1561,,,,,,,,,,13.5,,,-84.187,40.544,18
1562,,,,,,,,,,1.5,,,-74.120486,40.731966,7
1563,,,,,,,,,,6.0,,,-76.8526,39.59902,1
1564,,,,,,,,,,1.5,,,-74.04182,40.77957,7
1565,,,,,,,,,,49.9,,,-82.96285,39.41473,22
1566,,,,,,,,,,50.0,,,-75.7535,39.395187,9
1567,,,,,,,,,,70.0,,,-79.0286,36.55467,22
1568,,,,,,,,,,51.0,,,-78.83961,36.798717,14
1569,,,,,,,,,,20.0,,,-81.049858,36.964279,22
1570,,,,,,,,,,1.8,,,-85.558116,40.478689,22
1571,,,,,,,,,,120.0,,,-79.32,36.89,14
1572,,,,,,,,,,19.9,,,-76.76,37.35,13
1573,,,,,,,,,,150.0,,,-77.08,37.26,13
1574,,,,,,,,,,70.0,,,-76.1647,36.7,13
1575,,,,,,,,,,1.5,,,-76.68808,39.225752,1
1576,,,,,,,,,,2.5,,,-74.888716,39.975579,7
1577,,,,,,,,,,100.0,,,-78.645972,40.350219,3
1578,,,,,,,,,,2.0,,,-79.32824,39.608072,15
1579,,,,,,,,,,2.0,,,-76.699164,38.927431,1
1580,,,,,,,,,,19.8,,,-74.699,40.881,11
1581,,,,,,,,,,2.0,,,-76.789482,38.799594,6
1582,,,,,,,,,,2.0,,,-76.683089,38.838642,1
1583,,,,,,,,,,2.0,,,-77.161771,39.562305,15
1584,,,,,,,,,,4.0,,,-74.24549,40.60395,7
1585,,,,,,,,,,6.7,,,-75.155,40.619,11
1586,,,,,,,,,,107.0,,,-84.306454,41.672106,20
1587,,,,,,,,,,1.7,,,-85.391432,38.216484,21
1588,,,,,,,,,,1.0,,,-88.16644,41.69963,17
1589,,,,,,,,,,2.3,,,-74.558799,40.54009,7
1590,,,,,,,,,,10.0,,,-74.98355,40.01583,7
1591,,,,,,,,,,3.8,,,-75.11138,39.79271,7
1592,,,,,,,,,,12.0,,,-75.07949,39.96307,7
1593,0.6,,,,,,,,,0.5,,,-74.41746,40.4966,7
1594,,,,,,,,,,2.9,,,-77.726806,36.089369,13
1595,,,,,,,,,,1.8,,,-75.218,39.471,12
1596,10.5,,,,,,,,,,,,-79.384088,36.578864,22
1597,,,,,,,,,,2.0,,,-89.14808,41.541339,17
1598,,,,,,,,,,5.0,,,-78.653997,36.271819,14
1599,,,,,,,,,,2.2,,,-74.56597,40.19247,7
1600,,,,,,,,,,2.0,,,-76.959758,39.119391,1
1601,,,,,,,,,,2.0,,,-77.119864,39.187812,6
1602,,,,,,,,,,1.9,,,-76.837373,39.175364,1
1603,,,,,,,,,,2.1,,,-74.516,39.48,12
1604,,,,,,,,,,1.6,,,-74.627,39.551,12
1605,,,,,,,,,,6.0,,,-74.999234,39.831654,7
1606,,,,,,,,,,2.0,,,-90.131166,41.822595,17
1607,,,,,,,,,,1.0,,,-80.83665,41.27874,20
1608,,,,,,,,,,6.3,,,-74.34379,40.74525,11
1609,,,,,,,,,,2.0,,,-89.08479,42.17606,17
1610,,,,,,,,,,2.0,,,-89.08479,42.17606,17
1611,,,,,,,,,,,87.6,,-78.222305,40.745335,15
1612,,,,,,,,,,2.0,,,-77.874899,39.628867,15
1613,,,,,,,,,,2.0,,,-88.231,41.185,17
1614,,,,,,,,,,2.0,,,-88.4988,42.40028,17
1615,,,,,,,,,,1.5,,,-75.68538,39.18568,9
1616,,,,,,,,,,1.6,,,-89.608809,42.201229,17
1617,,,,,,,,,,2.0,,,-88.771045,41.893409,17
1618,,,,,,,,,,1.6,,,-88.771303,41.894383,17
1619,,,,,,,,,,1.6,,,-89.610992,42.201355,17
1620,,,,,,,,,,150.0,,,-86.464,41.719,22
1621,1.5,,,,,,0.6,,,1.7,,,-77.058,38.99903,6
1622,12.0,,,,,,,,,,,,-83.611231,41.382589,20
1623,20.0,,,,,,,,,,,,-74.76095,40.980781,11
1624,7.0,,,,,,,,,,,,-74.170856,40.1337,11
1625,,,,,,,,,,1.1,,,-76.994006,38.86499,6
1626,,,,,,,,,,1.7,,,-76.9573,38.85034,6
1627,,,,,,,,,,1.7,,,-76.9752,38.84066,6
1628,,,,,,,,,,1.5,,,-87.879523,41.176011,17
1629,,,,,,,,,,2.0,,,-76.959953,39.299137,1
1630,,,,,,,,,,2.0,,,-76.957131,39.300067,1
1631,,,,,,,,,,2.0,,,-76.960961,39.300615,1
1632,,,,,,,,,,3.8,,,-81.581577,41.049604,20
1633,,,,,,,,,,70.0,,,-78.041221,39.923887,15
1634,,,,,,,,,,4.2,,,-83.317748,39.943015,22
1635,,,,,,,,,,20.0,,,-75.785,40.472,2
1636,,,,,,,,,,4.2,,,-75.046925,39.907271,7
1637,,,,,,,,,,2.5,,,-75.010346,39.85853,7
1638,,,,,,,,,,1.9,,,-87.772832,41.424123,17
1639,,,,,,,,,,3.1,,,-75.092539,39.921831,7
1640,,,,,,,,,,55.0,,,-85.71203,36.901441,21
1641,,,,,,,,,,1.1,,,-75.10218,39.95526,7
1642,,,,,,,,,,3.1,,,-83.578654,41.548503,20
1643,,,,,,,,,,2.0,,,-89.36263,42.02005,17
1644,,,,,,,,,,2.0,,,-88.5451,42.06052,17
1645,,,,,,,,,,2.0,,,-89.09937,42.28525,17
1646,,,,,,,,,,4.0,,,-74.563,40.535,7
1647,,,,,,,,,,1.4,,,-76.893549,40.941757,4
1648,,,,,,,,,,5.0,,,-77.95682,37.45383,13
1649,,,,,,,,,,5.0,,,-77.967885,37.481141,13
1650,,,,,,,,,,5.0,,,-77.95977,37.52885,13
1651,,,,,,,,,,1.4,,,-83.557244,41.614879,20
1652,,,,,,,,,,2.0,,,-76.979147,39.30953,1
1653,,,,,,,,,,2.0,,,-76.979146,39.309529,1
1654,,,,,,,,,,180.0,,,-83.468688,40.097108,20
1655,,,,,,,,,,27.5,,,-77.097,38.535,13
1656,,,,,,,,,,49.9,,,-84.274371,41.091714,22
1657,,,,,,,,,,49.9,,,-84.725702,41.092297,22
1658,,,,,,,,,,,4.5,,-83.367,41.466,20
1659,,,,,,,,,,80.0,,,-77.833412,39.263611,15
1660,,,,,,,,,,35.0,,,-78.285361,36.523774,14
1661,,,,,,,,,,5.0,,,-77.885106,36.455422,13
1662,,,,,,,4.5,,,,,,-76.2875,41.814444,3
1663,,,,,,,,,,2.4,,,-74.498739,40.768436,11
1664,,,,,,,,,2.7,,,,-82.708949,41.244288,20
1665,,,,,,,,,10.8,,,,-80.752918,41.168019,20
1666,,,,,,,,,4.4,,,,-75.30352,40.379054,5
1667,,,,,,,,,5.4,,,,-75.827206,40.947494,4
1668,,,,,,,,,2.7,,,,-83.369009,41.4587,20
1669,,,,,,,,,5.4,,,,-75.600602,41.475957,4
1670,,,,,,,,,5.4,,,,-76.171216,40.188351,4
1671,,,,,,,,,2.7,,,,-80.320237,42.003322,3
1672,,,,,,,,,10.8,,,,-75.34042,40.446517,4
1673,,,,,,,,,5.4,,,,-76.178126,40.630683,4
1674,,,,,,,,,5.4,,,,-77.044973,40.911223,4
1675,,,,,,,,,10.8,,,,-81.72744,41.086303,20
1676,,,,,,,,,2.7,,,,-75.289218,40.275214,5
1677,,,,,,,,,10.8,,,,-81.74896,41.03539,20
1678,,,,,,,,,,2.4,,,-75.109,39.886,7
1679,,,,,,,,,,4.2,,,-74.174,41.081,8
1680,1.2,,,,,,,,,0.8,,,-75.711068,38.64022,9
1681,,,,,,,,,,2.0,,,-89.031736,41.207028,17
1682,,,,,,,,,,2.0,,,-89.028765,41.172704,17
1683,,,,,,,,,,1.5,,,-76.550534,39.270749,1
1684,,,,,,,,,,1.5,,,-76.551326,39.270749,1
1685,,,,,,,,,,1.5,,,-76.545994,39.273131,1
1686,,,,,,,,,,1.5,,,-76.544434,39.273278,1
1687,,,,,,,,,,118.0,,,-76.29661,36.685103,13
1688,,,,,,,,,,,108.3,,-89.059804,41.666523,17
1689,,,,,,,,,,80.0,,,-77.197226,39.879553,2
1690,,,,,,,,,,66.0,,,-79.755013,36.667889,22
1691,,,,,,,,,,2.0,,,-76.984541,39.31771,1
1692,,,,,,,,,,2.0,,,-76.978872,39.314718,1
1693,,,,,,,,,,2.0,,,-77.978914,39.31891,15
1694,,,,,,,,,,2.0,,,-76.978872,39.314718,1
1695,,,,,,,,,,2.0,,,-77.980215,39.315392,15
1696,,,,,,,,,,2.0,,,-77.003539,38.821772,6
1697,,,,,,,,,,5.0,,,-76.823601,35.150766,13
1698,,,,,,,,,,1.1,,,-77.2759,41.838,3
1699,,,,,,,,,,4.0,,,-74.236436,39.987519,11
1700,20.0,,,,,,,,,,,,-74.844085,40.526261,11
1701,,,,,,,,,,1.6,,,-76.48349,39.22355,1
1702,,,,,,,,,,3.7,,,-74.130941,40.326056,11
1703,,,,,,,,,,1.5,,,-74.41258,40.857536,11
1704,,,,,,,,,,1.7,,,-74.415765,40.818832,11
1705,,,,,,,,,,4.0,,,-74.698006,39.893694,7
1706,,,,,,,,,,4.0,,,-74.694978,39.892036,11
1707,,,,,,,,,,1.5,,,-74.54496,40.550482,7
1708,,,,,,,,,,1.2,,,-76.91249,38.862089,6
1709,,,,,,,,,,64.7,,,-78.938199,36.839909,14
1710,,,,,,,,,,2.0,,,-74.284,40.446,11
1711,,,,,,,,,,2.0,,,-77.4164,39.5463,15
1712,,,,,,,,,,1.3,,,-74.473859,40.545856,7
1713,,,,,,,,,,18.9,,,-79.948839,39.707825,15
1714,,,,,,,,,,1.2,,,-74.808955,39.657218,12
1715,,,,,,,,,,17.1,,,-80.45815,40.61655,10
1716,,,,,,,,,,17.1,,,-80.471,40.61575,10
1717,,,,,,,,,,3.0,,,-74.559144,40.525967,7
1718,,,,,,,,,,3.8,,,-74.494721,40.480841,7
1719,,,,,,,,,,1.2,,,-74.09369,40.90192,7
1720,,,,,,,,,,4.9,,,-76.818828,37.957975,13
1721,,,,,,,,,,2.1,,,-79.469908,36.85345,14
1722,,,,,,,,,,20.0,,,-76.71,36.89,13
1723,,3.2,,,,,,,,,,,-83.40949,41.06571,22
1724,,,,,,,,,,2.6,,,-78.67523,38.745097,13
1725,,,,,,,,,,1.5,,,-74.167,40.662,7
1726,,,,,,,,,,1.0,,,-74.496,40.302,7
1727,,,,,,,,,,1.4,,,-74.196487,40.691644,7
1728,,,,,,,,,,3.0,,,-74.087,40.734,7
1729,,,,,,,,,,2.0,,,-74.13811,40.739381,7
1730,,,,,,,,,,1.4,,,-74.402,40.53,7
1731,,,,,,,,,,2.5,,,-74.387,40.53,7
1732,,,,,,,,,,1.4,,,-74.218,40.565,7
1733,,,,,,,,,,1.5,,,-74.45,40.397,7
1734,,,,,,,,,,4.3,,,-75.606069,38.795634,9
1735,,,,,,,,,,2.0,,,-83.554437,41.060477,22
1736,,,,,,,,,,1.8,,,-74.05,40.15,11
1737,,,,,,,,,,2.5,,,-74.25,40.55,7
1738,,,,,,,,,,3.0,,,-74.16546,40.679815,7
1739,,,,,,,,,,150.0,,,-77.8682,39.9016,15
1740,,,,,,,,,,5.0,,,-76.3888,37.6529,13
1741,,,,,,,,,,4.0,,,-78.6877,37.2259,13
1742,,,,,,,,,,8.2,,,-77.183,39.563,15
1743,,,,,,,,,,120.0,,,-77.774039,36.526492,13
1744,,,,,,,,,,120.0,,,-77.774039,36.526492,14
1745,,,,,,,,,,11.0,,,-85.092,41.343,22
1746,,,,,,,,,,83.0,,,-78.741874,36.875897,13
1747,,,,,,,,,,83.0,,,-78.741874,36.875897,14
1748,,,,,,,,,,17.0,,,-77.010069,36.323266,13
1749,,,,,,,,,,2.5,,,-77.118718,39.193672,6
1750,,,,,,,,,,19.8,,,-78.951,39.598,15
1751,,,,,,,,,,4.9,,,-79.017296,37.553598,22
1752,,,,,,,,,,4.9,,,-78.323,37.8893,13
1753,,,,,,,,,,577.0,,,-83.367069,39.777493,20
1754,,,,,,,,,,1.0,,,-74.173,39.989,11
1755,,,,,,,,,,1.0,,,-84.398,40.39,18
1756,,,,,,,,,,4.2,,,-74.249492,40.025166,11
1757,,,,,,,,,,3.8,,,-76.483169,39.221979,1
1758,,,,,,,,,,1.4,,,-78.213908,39.201562,15
1759,,,,,,,,,,2.6,,,-75.010939,39.682767,12
1760,,,,,,,,,,1.8,,,-75.003409,39.680519,12
1761,,,,,,,,,,1.5,,,-74.472597,40.522282,7
1762,,,,,,,,,,1.2,,,-74.437087,40.479292,7
1763,,,,,,,,,,2.0,,,-76.739094,39.683539,1
1764,,,,,,,,,,2.0,,,-76.9561,39.2028,1
1765,,,,,,,,,,1.5,,,-74.435463,40.528289,7
1766,,,,,,,,,,5.0,,,-79.506486,36.727159,22
1767,,,,,,,,,,5.0,,,-79.506486,36.727159,22
1768,,,,,,,,,,2.0,,,-76.781,39.3273,1
1769,,,,,,,,,,2.0,,,-75.94323,39.70381,9
1770,,,,,,,,,,1.5,,,-76.10953,38.56654,9
1771,,,,,,,,,,1.3,,,-74.467186,40.524806,7
1772,,,,,,,,,,2.0,,,-78.08261,39.70285,15
1773,,,,,,,,,,155.6,,,-76.7358,37.018,13
1774,,,,,,,,,,2.0,,,-75.5431,38.3228,9
1775,,,,,,,,,,1.0,,,-77.311359,39.152794,6
1776,,,,,,,,,,1.3,,,-83.162438,40.946934,22
1777,,,,,,,,,,1.0,,,-74.218,40.13,11
1778,,,,,,,,,,1.0,,,-74.633,40.198,7
1779,,,,,,,,,,1.3,,,-84.58391,39.04441,19
1780,,,,,,,,,,5.6,,,-76.95,38.95,6
1781,,,,,,,,,,2.0,,,-77.118718,39.193589,6
1782,,,,,,,,,,2.9,,,-78.964714,38.100152,13
1783,,,,,,,,,,5.0,,,-78.923431,38.102168,13
1784,,,,,,,,,,3.8,,,-76.763,36.68565,13
1785,,,,,,,,,,5.0,,,-79.396921,37.878085,13
1786,,,,,,,,,,2.0,,,-89.6329,42.3676,17
1787,,,,,,,,,,1.7,,,-87.925,41.207,17
1788,,,,,,,,,,3.2,,,-75.706112,39.648491,9
1789,,,,,,,,,,2.0,,,-77.118697,39.193664,6
1790,,,,,,,,,,2.8,,,-77.00252,38.93526,6
1791,,,,,,,,,,2.6,,,-75.357274,40.581825,4
1792,,,,,,,,,,3.0,,,-77.00252,38.93526,6
1793,,,,,,,,,,2.0,,,-88.733,41.877,17
1794,,,,,,,,,,2.0,,,-88.682,41.674,17
1795,,,,,,,,,,1.5,,,-88.998785,42.461976,17
1796,,,,,,,,,,2.0,,,-90.032,41.793,17
1797,,,,,,,,,,2.0,,,-89.864,41.773,17
1798,,,,,,,,,,1.5,,,-90.110768,41.993718,17
1799,,,,,,,,,,1.8,,,-77.7923,39.6385,15
1800,,,,,,,,,,1.0,,,-74.191,40.684,7
1801,,,,,,,,,,1.0,,,-74.191,40.684,7
1802,,,,,,,,,,1.0,,,-74.191,40.684,7
1803,,,,,,,,,,1.0,,,-74.191,40.684,7
1804,,,,,,,,,,2.0,,,-89.864,41.759,17
1805,,,,,,,,,,2.0,,,-89.867,41.76,17
